transaction_id,transaction_date,merchant_name,merchant_category,merchant_location,merchant_country,amount,merchant_logo_url,merchant_website,is_recurring,risk_score,is_high_value,fraud_flag
5bae112f-8eb9-401f-aa0f-fe0cf7555900,2025-06-18 6:14,Indigo,Bookstore,"91332 White Lane, Port Jasonbury, VA, Canada",CA,142.35,https://logo.clearbit.com/indigo.ca,https://www.chapters.indigo.ca,TRUE,0.66,FALSE,HIGH
3e72c557-fcd2-45aa-9d56-8fc98a4ca7b3,2025-06-18 21:04,Walmart,Department Store,"4523 Lopez Locks Suite 497, Mcguireburgh, KS, Canada",CA,169.67,https://logo.clearbit.com/walmart.com,https://www.walmart.com,FALSE,0.9,FALSE,HIGH
dedf4f72-1918-43fd-a42c-2891196947cc,2025-06-18 12:43,Indigo,Bookstore,"4147 Robinson Lodge Suite 247, Sandrafurt, NE, Canada",CA,78.02,https://logo.clearbit.com/indigo.ca,https://www.chapters.indigo.ca,FALSE,0.08,FALSE,HIGH
77c69650-d646-42bc-9e15-d996b57766df,2025-06-18 22:27,Best Buy,Electronics,"9241 Wells Estate Suite 638, West Joseph, TN, Canada",CA,90.62,https://logo.clearbit.com/bestbuy.ca,https://www.bestbuy.ca,TRUE,0.31,FALSE,HIGH
b34f9a06-9bd9-4ef5-a8f9-18b61bc99275,2025-06-18 16:55,Amazon,Online Retail,"1538 Craig Tunnel, Lake Steven, AK, Canada",CA,285.26,https://logo.clearbit.com/amazon.com,https://www.amazon.com,FALSE,0.09,TRUE,HIGH
6d88c118-3b83-4132-9604-4365e47eb9d7,2025-06-18 10:20,Uber,Transportation,"4931 Tiffany Heights, Bowersshire, WI, Canada",CA,315.18,https://logo.clearbit.com/uber.com,https://www.uber.com,TRUE,0.77,TRUE,HIGH
52a9eb21-52c9-4913-878b-151ec11357c0,2025-06-18 23:31,Apple,Technology,"1680 Nancy Rapids Apt. 342, Port Kaylaview, NY, Canada",CA,180.8,https://logo.clearbit.com/apple.com,https://www.apple.com,FALSE,0.35,FALSE,HIGH
20fb8187-1c6a-4cfb-8358-c1df25acdc97,2025-06-18 2:33,Indigo,Bookstore,"8420 Luis Club Suite 079, South Maryshire, CT, Canada",CA,227.59,https://logo.clearbit.com/indigo.ca,https://www.chapters.indigo.ca,TRUE,0.04,FALSE,HIGH
6fdf8ec3-d946-4f4c-bbbc-dd74d7c0c94c,2025-06-18 0:17,Indigo,Bookstore,"193 Alvarez Pass Suite 764, Lopezland, IA, Canada",CA,278.05,https://logo.clearbit.com/indigo.ca,https://www.chapters.indigo.ca,FALSE,0.09,TRUE,HIGH
649929a5-daf6-4bfb-a743-7b1cc8b80e10,2025-06-18 22:29,Loblaws,Grocery Store,"74916 Kimberly Heights, East Darlene, DE, Canada",CA,132.82,https://logo.clearbit.com/loblaws.ca,https://www.loblaws.ca,FALSE,0.26,FALSE,HIGH
011b12ee-d435-4d41-a8f3-d53709153c3e,2025-06-18 3:43,Amazon,Online Retail,"31535 Robert Shore, Churchburgh, MS, Canada",CA,260.93,https://logo.clearbit.com/amazon.com,https://www.amazon.com,TRUE,0.48,TRUE,HIGH
41e0ecd3-2b7d-464c-ad18-0faaf63515f1,2025-06-18 6:33,Apple,Technology,"5252 Singh Club Apt. 254, Leland, VT, Canada",CA,295.48,https://logo.clearbit.com/apple.com,https://www.apple.com,FALSE,0.56,TRUE,HIGH
b34e6aeb-b8a2-4d5a-a394-507934dfbb50,2025-06-18 21:33,Walmart,Department Store,"2820 Russell Fields, North Michaelburgh, DC, Canada",CA,222.31,https://logo.clearbit.com/walmart.com,https://www.walmart.com,FALSE,0.59,FALSE,HIGH
4dfe90f4-517f-45f4-803f-9e1a3526b12e,2025-06-18 13:21,Netflix,Streaming Services,"04108 Chavez Unions Apt. 351, East Michaeltown, GU, Canada",CA,363.07,https://logo.clearbit.com/netflix.com,https://www.netflix.com,FALSE,0.48,TRUE,HIGH
c084772b-ca1a-4ec1-825a-9568a031b187,2025-06-18 1:02,Walmart,Department Store,"3699 Luis Isle Suite 575, Heiditown, ND, Canada",CA,485.31,https://logo.clearbit.com/walmart.com,https://www.walmart.com,FALSE,0.79,TRUE,HIGH
f978f34e-7076-4c18-a5c0-2c0fa87dc538,2025-06-18 21:23,Starbucks,Coffee Shops,"069 Knight Causeway, Michaelberg, NC, Canada",CA,401.74,https://logo.clearbit.com/starbucks.com,https://www.starbucks.com,FALSE,0.4,TRUE,HIGH
3eaef8b7-0990-43d6-88d7-c1d58d0b0cca,2025-06-18 17:46,Apple,Technology,"61065 Stevens Fort Suite 457, North Raymondberg, NV, Canada",CA,5.42,https://logo.clearbit.com/apple.com,https://www.apple.com,TRUE,0.2,FALSE,HIGH
663379a5-ed11-4a23-b478-84e9bc842459,2025-06-18 16:34,Starbucks,Coffee Shops,"8149 Donald Forges, New Juanfort, VA, Canada",CA,154.13,https://logo.clearbit.com/starbucks.com,https://www.starbucks.com,TRUE,0.18,FALSE,HIGH
1eba65b8-5e37-4901-be2e-b694f4a11c60,2025-06-18 21:37,Indigo,Bookstore,"423 Rachel Extensions, West William, WI, Canada",CA,423.61,https://logo.clearbit.com/indigo.ca,https://www.chapters.indigo.ca,FALSE,0,TRUE,HIGH
49603d2f-ca43-4dfa-9443-3ca18b083c96,2025-06-18 10:23,Tim Hortons,Coffee Shops,"04167 Rebecca Knolls, New Gregory, MO, Canada",CA,449.52,https://logo.clearbit.com/timhortons.ca,https://www.timhortons.ca,FALSE,0.6,TRUE,HIGH
d1307239-3789-463b-94dc-2ca82ec39654,2025-06-18 19:04,Best Buy,Electronics,"9407 Jeremy Heights Suite 323, South Debramouth, NH, Canada",CA,457.72,https://logo.clearbit.com/bestbuy.ca,https://www.bestbuy.ca,TRUE,0.14,TRUE,HIGH
d3263a03-7de9-44e0-b245-14146560a4a8,2025-06-18 18:14,Tim Hortons,Coffee Shops,"77666 Brown Fall, Wongchester, CA, Canada",CA,195.11,https://logo.clearbit.com/timhortons.ca,https://www.timhortons.ca,TRUE,0.43,FALSE,HIGH
de7d0aea-e58f-4f0f-b4be-5c7e31e8c614,2025-06-18 22:20,Amazon,Online Retail,"212 Cardenas Path Suite 856, South Christopher, LA, Canada",CA,235.14,https://logo.clearbit.com/amazon.com,https://www.amazon.com,TRUE,0.35,FALSE,HIGH
ac4c2dc5-affe-4347-a8bc-dcc7dbbbf8ba,2025-06-18 8:25,Amazon,Online Retail,"00037 Mejia Gardens Apt. 313, West Samuel, PA, Canada",CA,329.65,https://logo.clearbit.com/amazon.com,https://www.amazon.com,FALSE,0.8,TRUE,HIGH
7f781543-270c-48bc-a61f-da20c481d6e2,2025-06-18 22:06,Netflix,Streaming Services,"764 Dixon Radial Suite 224, Jeanville, AK, Canada",CA,372.32,https://logo.clearbit.com/netflix.com,https://www.netflix.com,TRUE,0.6,TRUE,HIGH
dca1435b-cc68-4e6a-993e-716bc663f3b5,2025-06-18 10:00,Apple,Technology,"0692 Murphy Place, Micheleberg, GU, Canada",CA,253.52,https://logo.clearbit.com/apple.com,https://www.apple.com,FALSE,0.71,TRUE,HIGH
d80cdc91-c5ba-40e6-b9f5-8cd2b6de6a3b,2025-06-18 14:39,Uber,Transportation,"982 Kelly Point, Port John, NV, Canada",CA,132.63,https://logo.clearbit.com/uber.com,https://www.uber.com,FALSE,0.43,FALSE,HIGH
195de834-e2f2-44b0-b3dd-577d0ffc641f,2025-06-18 15:52,Apple,Technology,"328 Gonzalez Creek Apt. 220, Lake Ericaport, NY, Canada",CA,186.72,https://logo.clearbit.com/apple.com,https://www.apple.com,FALSE,0.25,FALSE,HIGH
5f1accb7-e371-40ab-a74c-a833441ba040,2025-06-18 13:06,Starbucks,Coffee Shops,"1360 Bowman Glen Suite 692, New Triciachester, KY, Canada",CA,150.15,https://logo.clearbit.com/starbucks.com,https://www.starbucks.com,FALSE,0.02,FALSE,HIGH
76c932d2-a88c-46c7-8486-fe06c0ee94ca,2025-06-18 21:54,Tim Hortons,Coffee Shops,"32495 Rebecca Forge, Brendantown, CA, Canada",CA,152.35,https://logo.clearbit.com/timhortons.ca,https://www.timhortons.ca,TRUE,0.6,FALSE,HIGH
4fac46c4-4540-4c18-a7d9-d4dd5810b57c,2025-06-18 21:17,Apple,Technology,"8030 Dakota Lodge Suite 647, South Marymouth, OH, Canada",CA,218.39,https://logo.clearbit.com/apple.com,https://www.apple.com,FALSE,0.35,FALSE,HIGH
3be5449b-62a3-4e8d-9145-dfd685910c81,2025-06-18 17:32,Indigo,Bookstore,"668 Rodriguez Port Suite 675, Lake James, MT, Canada",CA,286.69,https://logo.clearbit.com/indigo.ca,https://www.chapters.indigo.ca,TRUE,0.08,TRUE,HIGH
30185e31-ab67-40fe-b3be-dff8b74b38c0,2025-06-18 17:52,Walmart,Department Store,"8015 Hickman Meadow Suite 930, North Edward, NY, Canada",CA,96.05,https://logo.clearbit.com/walmart.com,https://www.walmart.com,FALSE,0.72,FALSE,HIGH
5019ad21-6bf2-406b-b2e2-f74e7540c0bc,2025-06-18 17:40,Indigo,Bookstore,"7711 Taylor Crossroad Suite 863, Port Carrietown, NV, Canada",CA,427.85,https://logo.clearbit.com/indigo.ca,https://www.chapters.indigo.ca,TRUE,0.69,TRUE,HIGH
c5e546f8-d9fb-4e14-a88c-0491d6776cca,2025-06-18 4:54,Netflix,Streaming Services,"537 Susan Falls Apt. 191, Johntown, NH, Canada",CA,7.5,https://logo.clearbit.com/netflix.com,https://www.netflix.com,TRUE,0.02,FALSE,HIGH
f55f5dcf-e5de-4e9c-a184-52259acf339a,2025-06-18 12:26,Best Buy,Electronics,"3601 Vasquez Route Apt. 150, North Chadberg, MT, Canada",CA,330.32,https://logo.clearbit.com/bestbuy.ca,https://www.bestbuy.ca,FALSE,0.27,TRUE,HIGH
d1711392-4df9-4124-be2f-56a12a34a727,2025-06-18 9:42,Uber,Transportation,"65893 Kirk Junction, Boyerborough, IN, Canada",CA,396.18,https://logo.clearbit.com/uber.com,https://www.uber.com,FALSE,0.1,TRUE,HIGH
3c7f5144-7387-4f35-b7bd-a3391f67fac8,2025-06-18 14:03,Uber,Transportation,"643 Andrew Fords Apt. 726, Diazhaven, FL, Canada",CA,147.48,https://logo.clearbit.com/uber.com,https://www.uber.com,FALSE,0.59,FALSE,HIGH
cd096c24-abc6-4f91-8897-d937e8abb393,2025-06-18 15:18,Apple,Technology,"56369 Lisa Corners, North Jennifershire, AR, Canada",CA,80.13,https://logo.clearbit.com/apple.com,https://www.apple.com,FALSE,0.21,FALSE,HIGH
b12429eb-8d60-438d-85c2-4bf0b06cad48,2025-06-18 9:41,Uber,Transportation,"58929 Christy Forks Apt. 437, Colemanbury, WI, Canada",CA,484.02,https://logo.clearbit.com/uber.com,https://www.uber.com,FALSE,0.56,TRUE,HIGH
9f7658a8-7230-4e34-b223-cc10351ece36,2025-06-18 7:53,Tim Hortons,Coffee Shops,"4705 Charles Village Apt. 058, Lake Kimberly, IA, Canada",CA,228.49,https://logo.clearbit.com/timhortons.ca,https://www.timhortons.ca,FALSE,0.03,FALSE,HIGH
9f504314-f1af-48b4-b8f4-a230b0d83270,2025-06-18 4:31,Best Buy,Electronics,"226 Graham Passage, New Hollyborough, NV, Canada",CA,460.98,https://logo.clearbit.com/bestbuy.ca,https://www.bestbuy.ca,TRUE,0.38,TRUE,HIGH
ab9a4422-8973-4307-955d-a56e59cfd5b6,2025-06-18 18:44,Amazon,Online Retail,"5228 Steven Prairie, Port Louis, ND, Canada",CA,53.01,https://logo.clearbit.com/amazon.com,https://www.amazon.com,TRUE,0.21,FALSE,HIGH
5a2c4f8b-04ac-47e3-9688-7a9ec4b386c7,2025-06-18 12:12,Amazon,Online Retail,"9777 Ryan Rapids Suite 640, New Mike, WA, Canada",CA,287.52,https://logo.clearbit.com/amazon.com,https://www.amazon.com,TRUE,0.86,TRUE,HIGH
fe97cc6d-6401-464d-8df5-c4563b911018,2025-06-18 20:53,Tim Hortons,Coffee Shops,"7030 Brittany Brook Apt. 125, North Dawnfurt, MP, Canada",CA,316.99,https://logo.clearbit.com/timhortons.ca,https://www.timhortons.ca,FALSE,0.5,TRUE,HIGH
9b3fde96-3ffb-4875-a54b-7e0e54f28f64,2025-06-18 23:16,Indigo,Bookstore,"2906 Hernandez Falls Apt. 336, Port David, OH, Canada",CA,199.13,https://logo.clearbit.com/indigo.ca,https://www.chapters.indigo.ca,FALSE,0.49,FALSE,HIGH
e1756861-99de-40b8-9ca9-526e3718f53b,2025-06-18 20:02,Starbucks,Coffee Shops,"405 Henson Spurs Apt. 446, Rachelfort, KS, Canada",CA,203.03,https://logo.clearbit.com/starbucks.com,https://www.starbucks.com,TRUE,0.53,FALSE,HIGH
bb513643-5fe4-43f6-a67a-bcd88b419b78,2025-06-18 10:45,Best Buy,Electronics,"45050 Amanda Locks Suite 200, Gonzalezburgh, PW, Canada",CA,473.02,https://logo.clearbit.com/bestbuy.ca,https://www.bestbuy.ca,FALSE,0.61,TRUE,HIGH
1ff8717f-f1d0-44d6-8534-fb5412a919ad,2025-06-18 16:27,Tim Hortons,Coffee Shops,"038 Bryan Dam Suite 851, Benjaminberg, UT, Canada",CA,16.25,https://logo.clearbit.com/timhortons.ca,https://www.timhortons.ca,FALSE,0.55,FALSE,HIGH
e7389c3f-52b8-4bbe-8d8f-00da3d853b81,2025-06-18 11:45,Loblaws,Grocery Store,"5028 Larry Junctions, North Donald, NH, Canada",CA,425.9,https://logo.clearbit.com/loblaws.ca,https://www.loblaws.ca,TRUE,0.46,TRUE,HIGH
01b4be93-c70d-4576-999c-2e14072b90a1,2025-06-18 5:12,Netflix,Streaming Services,"74286 Escobar Valley Suite 108, Tylerhaven, ID, Canada",CA,37.08,https://logo.clearbit.com/netflix.com,https://www.netflix.com,TRUE,0.21,FALSE,HIGH
1e545f75-040c-4744-bc92-78fd76e6cf3f,2025-06-18 15:34,Amazon,Online Retail,"762 Brianna Circle, Duncanland, PA, Canada",CA,8.41,https://logo.clearbit.com/amazon.com,https://www.amazon.com,TRUE,0.68,FALSE,HIGH
9540fc5f-5fc8-4e9b-89a8-c0b5f8e8bd74,2025-06-18 7:56,Indigo,Bookstore,"25936 Diaz Walks, New Gregory, VA, Canada",CA,64.89,https://logo.clearbit.com/indigo.ca,https://www.chapters.indigo.ca,TRUE,0.44,FALSE,HIGH
68c0b9a9-bc6c-4058-ad59-689e0229465e,2025-06-18 19:54,Tim Hortons,Coffee Shops,"26838 Peters Bypass, Lake Shelby, SC, Canada",CA,322.81,https://logo.clearbit.com/timhortons.ca,https://www.timhortons.ca,TRUE,0.46,TRUE,HIGH
873ae84e-8631-47b1-b5d7-2f31377e8cde,2025-06-18 2:14,Uber,Transportation,"33460 Amy Estate Apt. 013, West Laura, HI, Canada",CA,141.27,https://logo.clearbit.com/uber.com,https://www.uber.com,TRUE,0.76,FALSE,HIGH
cbb3b16b-7c0b-4b0c-aa66-f0cb0ba03973,2025-06-18 13:01,Starbucks,Coffee Shops,"168 Jennifer Route, Walkertown, IA, Canada",CA,263.28,https://logo.clearbit.com/starbucks.com,https://www.starbucks.com,TRUE,0.22,TRUE,HIGH
e41b247f-2425-4ee0-954c-23260e8a4b73,2025-06-18 21:21,Indigo,Bookstore,"402 Jeff Shoal Suite 614, Kristinfurt, HI, Canada",CA,374,https://logo.clearbit.com/indigo.ca,https://www.chapters.indigo.ca,FALSE,0.48,TRUE,HIGH
bc5e8728-efeb-4d57-84d7-21fa6301b596,2025-06-18 7:16,Starbucks,Coffee Shops,"304 Charles Mount, Maxwellport, HI, Canada",CA,486.34,https://logo.clearbit.com/starbucks.com,https://www.starbucks.com,TRUE,0.59,TRUE,HIGH
5b4e9d59-3ad6-443b-a2cf-2d9fd31437a0,2025-06-18 12:53,Indigo,Bookstore,"2483 Carolyn Place, Clarkchester, KS, Canada",CA,160.58,https://logo.clearbit.com/indigo.ca,https://www.chapters.indigo.ca,FALSE,0.38,FALSE,HIGH
862303d5-7883-4ba8-bdd9-d97d0ec77dbf,2025-06-18 14:00,Apple,Technology,"5689 Watkins Orchard Apt. 368, North Anthony, ND, Canada",CA,325.95,https://logo.clearbit.com/apple.com,https://www.apple.com,FALSE,0.18,TRUE,HIGH
c60d2044-6e90-4759-a4ae-705fecdb4c78,2025-06-18 20:15,Best Buy,Electronics,"3159 Julie Drive, Lake Dawnfort, AR, Canada",CA,12.05,https://logo.clearbit.com/bestbuy.ca,https://www.bestbuy.ca,TRUE,0.34,FALSE,HIGH
b15d4eca-ea38-4f2f-b8d0-0c512a10f1eb,2025-06-18 9:45,Netflix,Streaming Services,"1040 Newton Spur, New Clinton, ND, Canada",CA,107.18,https://logo.clearbit.com/netflix.com,https://www.netflix.com,TRUE,0.28,FALSE,HIGH
60ed8f49-4e6a-4dd7-b463-da956b7e9939,2025-06-18 22:53,Indigo,Bookstore,"71148 Gibbs Mall, Zacharyville, OH, Canada",CA,449.58,https://logo.clearbit.com/indigo.ca,https://www.chapters.indigo.ca,TRUE,0.36,TRUE,HIGH
e0c65859-f96c-4c26-a1b6-70797e15b857,2025-06-18 11:12,Walmart,Department Store,"61735 Hensley Court, Gonzalezville, GA, Canada",CA,202.25,https://logo.clearbit.com/walmart.com,https://www.walmart.com,TRUE,0.95,FALSE,HIGH
aa0d6678-37dd-4921-b035-dc23a7c6234b,2025-06-18 15:32,Apple,Technology,"903 Chambers Rapid Suite 458, Wesleymouth, UT, Canada",CA,92.83,https://logo.clearbit.com/apple.com,https://www.apple.com,FALSE,0.55,FALSE,HIGH
abaf0ed6-3ce8-4890-a20b-45d4c0f4e216,2025-06-18 5:43,Starbucks,Coffee Shops,"5174 Martha Squares, West Angela, FM, Canada",CA,263.67,https://logo.clearbit.com/starbucks.com,https://www.starbucks.com,TRUE,0.21,TRUE,HIGH
d678846f-c0c4-4550-9c6d-9198c3b5723e,2025-06-18 19:26,Amazon,Online Retail,"964 Macias Prairie, Taylorview, PW, Canada",CA,102.23,https://logo.clearbit.com/amazon.com,https://www.amazon.com,TRUE,0.44,FALSE,HIGH
aba5c655-6c12-4a9e-85c9-afb21163233e,2025-06-18 9:01,Apple,Technology,"177 Mark Trace, South Richardland, CA, Canada",CA,102.71,https://logo.clearbit.com/apple.com,https://www.apple.com,TRUE,0.6,FALSE,HIGH
5fb95799-b8ad-4f0b-aa56-632e47dee36f,2025-06-18 18:30,Netflix,Streaming Services,"736 Johnson Square, North Timothy, IN, Canada",CA,286.82,https://logo.clearbit.com/netflix.com,https://www.netflix.com,FALSE,0.86,TRUE,HIGH
abe067e8-7823-47f6-b349-dc459da25a43,2025-06-18 4:28,Loblaws,Grocery Store,"63236 Parker Bridge, New Coryport, LA, Canada",CA,296.52,https://logo.clearbit.com/loblaws.ca,https://www.loblaws.ca,FALSE,0.99,TRUE,HIGH
3b1b431f-e17e-4148-82b8-5e5166d56fa8,2025-06-18 4:50,Netflix,Streaming Services,"420 Heather Gardens Suite 094, Jenkinsland, DE, Canada",CA,378.51,https://logo.clearbit.com/netflix.com,https://www.netflix.com,FALSE,0.49,TRUE,HIGH
32fdaaad-f049-410b-b0f4-f775cfd45d47,2025-06-18 18:38,Apple,Technology,"43751 Graham Ridge, Jessicahaven, NE, Canada",CA,174.5,https://logo.clearbit.com/apple.com,https://www.apple.com,TRUE,0.19,FALSE,HIGH
04d696bd-e050-4a25-b050-fd02c9efe050,2025-06-18 7:11,Netflix,Streaming Services,"9375 Williams Views Suite 286, South Marieside, OR, Canada",CA,188.54,https://logo.clearbit.com/netflix.com,https://www.netflix.com,FALSE,0.33,FALSE,HIGH
dab8ff6b-8fc3-41d3-a372-5786770630e8,2025-06-18 14:35,Tim Hortons,Coffee Shops,"1402 Brown Wall Apt. 857, Garnerfurt, VI, Canada",CA,415.47,https://logo.clearbit.com/timhortons.ca,https://www.timhortons.ca,FALSE,0.45,TRUE,HIGH
e129c020-44a8-4a8b-8420-5aab78cf2f2a,2025-06-18 11:24,Best Buy,Electronics,"530 Andrew Common Apt. 789, Burkeland, AS, Canada",CA,32.38,https://logo.clearbit.com/bestbuy.ca,https://www.bestbuy.ca,FALSE,0.35,FALSE,HIGH
4efaf4d0-2c75-4d5e-9613-2fbcd5dd2dcf,2025-06-18 11:40,Tim Hortons,Coffee Shops,"18123 Nathan Springs, Daviston, NV, Canada",CA,16.72,https://logo.clearbit.com/timhortons.ca,https://www.timhortons.ca,FALSE,0.79,FALSE,HIGH
6a0f7ef7-84de-4647-8f5a-38e82e06950d,2025-06-18 11:03,Tim Hortons,Coffee Shops,"4457 Mercado Extensions, Zamorafurt, IA, Canada",CA,281.24,https://logo.clearbit.com/timhortons.ca,https://www.timhortons.ca,TRUE,0.8,TRUE,HIGH
42c8f799-3c1e-4f3f-a133-0a0396f93c0c,2025-06-18 1:30,Loblaws,Grocery Store,"95377 Humphrey Ways Apt. 376, Barnesfort, LA, Canada",CA,84.41,https://logo.clearbit.com/loblaws.ca,https://www.loblaws.ca,FALSE,0.94,FALSE,HIGH
9f523c5f-15dc-4206-a15e-e19d89355c2f,2025-06-18 7:04,Netflix,Streaming Services,"989 Bass Common, New Cristianmouth, NY, Canada",CA,59.96,https://logo.clearbit.com/netflix.com,https://www.netflix.com,TRUE,0.88,FALSE,HIGH
a0dc35b3-2ee2-4de2-aae1-38974b1d1561,2025-06-18 4:47,Amazon,Online Retail,"6614 Ruiz Manors Apt. 868, Caldwellview, VA, Canada",CA,165.65,https://logo.clearbit.com/amazon.com,https://www.amazon.com,FALSE,0.82,FALSE,HIGH
2b07df27-fbd3-4120-8885-43e91e3c0ee8,2025-06-18 3:28,Netflix,Streaming Services,"21405 Javier Corners Suite 604, Parkerbury, IL, Canada",CA,346.34,https://logo.clearbit.com/netflix.com,https://www.netflix.com,TRUE,0.77,TRUE,HIGH
4558613d-f083-457b-b493-416dd0fb4b92,2025-06-18 6:18,Amazon,Online Retail,"7852 Gibson Way, Mariatown, ID, Canada",CA,436.01,https://logo.clearbit.com/amazon.com,https://www.amazon.com,FALSE,0.96,TRUE,HIGH
2a9a7283-8927-4582-a5f3-ff0221a26a2f,2025-06-18 20:05,Tim Hortons,Coffee Shops,"3988 Little Square, South Andreamouth, MA, Canada",CA,169.84,https://logo.clearbit.com/timhortons.ca,https://www.timhortons.ca,FALSE,0.26,FALSE,HIGH
a31c4e2c-8497-4cce-ac2a-ff33e18ddc28,2025-06-18 1:42,Walmart,Department Store,"841 Teresa Plaza, Riverahaven, MP, Canada",CA,74.43,https://logo.clearbit.com/walmart.com,https://www.walmart.com,FALSE,0.43,FALSE,HIGH
be5a097b-e8d6-43ba-bc52-b6fdc9cc6cd7,2025-06-18 2:10,Apple,Technology,"7592 Amanda Walk, New Jeffreyside, WV, Canada",CA,400.06,https://logo.clearbit.com/apple.com,https://www.apple.com,TRUE,0.91,TRUE,HIGH
1bef497a-6522-4ba0-984f-c2b4df7509f7,2025-06-18 3:30,Amazon,Online Retail,"04407 Patel Skyway, North Christinachester, MN, Canada",CA,284.83,https://logo.clearbit.com/amazon.com,https://www.amazon.com,TRUE,0.53,TRUE,HIGH
aa5602b5-739e-4c28-a5db-fa6230679374,2025-06-18 20:36,Indigo,Bookstore,"557 Figueroa Station Suite 345, Davidside, WA, Canada",CA,423.92,https://logo.clearbit.com/indigo.ca,https://www.chapters.indigo.ca,TRUE,0.57,TRUE,HIGH
2c531d5f-110f-4e59-9031-0f2c446573b6,2025-06-18 4:32,Best Buy,Electronics,"669 Andre Terrace, East Elizabeth, DC, Canada",CA,409.79,https://logo.clearbit.com/bestbuy.ca,https://www.bestbuy.ca,FALSE,0.45,TRUE,HIGH
7f4a4dac-256c-4f85-bb75-a26f65aa7338,2025-06-18 6:31,Uber,Transportation,"962 Allison Roads Suite 791, North Michaelbury, DC, Canada",CA,173.21,https://logo.clearbit.com/uber.com,https://www.uber.com,FALSE,0.89,FALSE,HIGH
fa6b58d3-b357-4b46-beae-f0174abf70de,2025-06-18 12:29,Best Buy,Electronics,"2287 Jade Estate Apt. 007, Angelicafort, WA, Canada",CA,289.5,https://logo.clearbit.com/bestbuy.ca,https://www.bestbuy.ca,TRUE,0.62,TRUE,HIGH
1525140a-e72a-415d-9fb8-ecb87aef0c22,2025-06-18 13:34,Starbucks,Coffee Shops,"286 Linda Cape, Andreaburgh, WY, Canada",CA,133.13,https://logo.clearbit.com/starbucks.com,https://www.starbucks.com,TRUE,0.58,FALSE,HIGH
de68d4cf-d558-452b-80df-cebdea4611a1,2025-06-18 11:32,Tim Hortons,Coffee Shops,"0654 Baker Unions, Schwartzmouth, AZ, Canada",CA,268.52,https://logo.clearbit.com/timhortons.ca,https://www.timhortons.ca,TRUE,0.77,TRUE,HIGH
fdd9a382-cdef-4a47-9c0f-c491d2ba2b82,2025-06-18 22:35,Uber,Transportation,"1898 Graham Spurs, Jamesville, MH, Canada",CA,463.05,https://logo.clearbit.com/uber.com,https://www.uber.com,TRUE,0.19,TRUE,HIGH
782821f4-e511-41b2-93e6-10f10e0fcc4e,2025-06-18 22:43,Loblaws,Grocery Store,"5928 Hill Station Suite 411, Tarafurt, TX, Canada",CA,106.79,https://logo.clearbit.com/loblaws.ca,https://www.loblaws.ca,FALSE,0.59,FALSE,HIGH
3928ce36-c9eb-42ef-adf2-d5f684740067,2025-06-18 0:56,Amazon,Online Retail,"7511 Coleman Isle, West Christie, MI, Canada",CA,50.96,https://logo.clearbit.com/amazon.com,https://www.amazon.com,TRUE,0.51,FALSE,HIGH
c811a6e0-2ae7-46ed-a786-cdbce09593e6,2025-06-18 7:32,Uber,Transportation,"6419 Alexander Rapid, Youngtown, PW, Canada",CA,363.64,https://logo.clearbit.com/uber.com,https://www.uber.com,TRUE,0.16,TRUE,HIGH
17c754ba-753c-4244-be51-093dfacdf092,2025-06-18 14:19,Walmart,Department Store,"94414 Matthew Spring, South Samanthaside, HI, Canada",CA,475.9,https://logo.clearbit.com/walmart.com,https://www.walmart.com,FALSE,0.73,TRUE,HIGH
4725b575-de8e-47cd-90bc-9f444f5ad9a6,2025-06-18 1:32,Tim Hortons,Coffee Shops,"597 Gonzales Mews, Nicholasmouth, OR, Canada",CA,27.46,https://logo.clearbit.com/timhortons.ca,https://www.timhortons.ca,TRUE,0.18,FALSE,HIGH
a190508e-bce1-4852-9a4f-35266b3165b6,2025-06-18 18:29,Walmart,Department Store,"55494 Danielle Inlet Apt. 687, Garciachester, AS, Canada",CA,68.33,https://logo.clearbit.com/walmart.com,https://www.walmart.com,TRUE,0.14,FALSE,HIGH
c1b71787-2679-4025-b346-5051d27a5e71,2025-06-18 17:38,Apple,Technology,"094 Tommy Square, West Michelle, MI, Canada",CA,382.33,https://logo.clearbit.com/apple.com,https://www.apple.com,TRUE,0.6,TRUE,HIGH
08a60f0d-9ac6-44df-971d-64caa912aa47,2025-06-18 14:51,Loblaws,Grocery Store,"1001 Stephanie Row Suite 773, Christinaview, IA, Canada",CA,433.84,https://logo.clearbit.com/loblaws.ca,https://www.loblaws.ca,FALSE,0.37,TRUE,HIGH
17de4c7c-a488-4834-ba8d-ffc31f2eb351,2025-06-18 18:18,Best Buy,Electronics,"872 Michael Lakes Suite 856, Dalemouth, KY, Canada",CA,412.51,https://logo.clearbit.com/bestbuy.ca,https://www.bestbuy.ca,FALSE,0.17,TRUE,HIGH
b6bf9d2a-ae3e-4a95-9ba0-51ea4501b266,2025-06-18 21:33,Indigo,Bookstore,"1685 Mcdonald River Suite 232, Tammystad, OH, Canada",CA,482.82,https://logo.clearbit.com/indigo.ca,https://www.chapters.indigo.ca,TRUE,0.37,TRUE,HIGH
b3754d80-31a6-4d31-bfcf-97b1227c5e45,2025-06-18 12:00,Walmart,Department Store,"1335 Karen Ridge, North Josephton, PA, Canada",CA,177.59,https://logo.clearbit.com/walmart.com,https://www.walmart.com,TRUE,0.09,FALSE,HIGH
c1e4e5fa-df2d-4b40-bb7b-e95da4295587,2025-06-18 13:03,Best Buy,Electronics,"00735 Bridges Points, South Madison, NY, Canada",CA,428.79,https://logo.clearbit.com/bestbuy.ca,https://www.bestbuy.ca,FALSE,0.13,TRUE,HIGH
b6f28bf6-f4a6-4575-a3b9-8ab3341378bd,2025-06-18 19:30,Apple,Technology,"42526 Sandra Prairie, Clarkeside, OK, Canada",CA,450.28,https://logo.clearbit.com/apple.com,https://www.apple.com,FALSE,0.13,TRUE,HIGH
b3bbbff6-e29e-4cc2-ba54-8a3794769482,2025-06-18 16:38,Starbucks,Coffee Shops,"88193 Monroe Stravenue, Palmerville, ND, Canada",CA,116.65,https://logo.clearbit.com/starbucks.com,https://www.starbucks.com,TRUE,0.74,FALSE,HIGH
812b0f72-441b-4623-af0e-b78e0d38de58,2025-06-18 11:11,Apple,Technology,"90676 Teresa Freeway Suite 629, Aaronchester, SD, Canada",CA,335.84,https://logo.clearbit.com/apple.com,https://www.apple.com,FALSE,0.76,TRUE,HIGH
04d64891-ba93-46a2-9987-749b9d465a54,2025-06-18 4:28,Best Buy,Electronics,"3906 Flynn Port, New Jenniferfort, SD, Canada",CA,317.78,https://logo.clearbit.com/bestbuy.ca,https://www.bestbuy.ca,TRUE,0.98,TRUE,HIGH
3c041197-d9b3-4b9f-abff-03bd5b87dbca,2025-06-18 20:42,Indigo,Bookstore,"59717 Miller Oval, East Antoniochester, NY, Canada",CA,462.32,https://logo.clearbit.com/indigo.ca,https://www.chapters.indigo.ca,FALSE,1,TRUE,HIGH
f0e5819d-0e9f-4bd2-84ad-3d0e716b252e,2025-06-18 19:06,Walmart,Department Store,"9675 Kemp Greens, Darrentown, ME, Canada",CA,482.55,https://logo.clearbit.com/walmart.com,https://www.walmart.com,TRUE,0.09,TRUE,HIGH
724dea45-4c8c-4f56-a5f7-83df99944cc2,2025-06-18 2:21,Apple,Technology,"473 Amber Key, Smithmouth, PR, Canada",CA,415.89,https://logo.clearbit.com/apple.com,https://www.apple.com,TRUE,0.55,TRUE,HIGH
a1f5ca7e-ca4b-40ab-aa9c-be539162617f,2025-06-18 18:36,Netflix,Streaming Services,"79959 Lang Loop Apt. 110, Ashleyshire, NJ, Canada",CA,67.52,https://logo.clearbit.com/netflix.com,https://www.netflix.com,FALSE,0.31,FALSE,HIGH
037bb927-5348-4c3d-9260-e3d10ad3bb06,2025-06-18 9:42,Best Buy,Electronics,"4565 Hernandez Port Suite 226, West William, KY, Canada",CA,278.88,https://logo.clearbit.com/bestbuy.ca,https://www.bestbuy.ca,TRUE,0.97,TRUE,HIGH
b215089c-7d17-44ba-98ea-62314a5550d4,2025-06-18 6:24,Indigo,Bookstore,"90984 Rice Keys, Smithchester, MS, Canada",CA,95.39,https://logo.clearbit.com/indigo.ca,https://www.chapters.indigo.ca,TRUE,0.14,FALSE,HIGH
70155759-152e-4efc-9f19-e8e3406af9d9,2025-06-18 6:26,Netflix,Streaming Services,"872 Harris Union Apt. 424, Lauraburgh, OK, Canada",CA,355.63,https://logo.clearbit.com/netflix.com,https://www.netflix.com,FALSE,0.21,TRUE,HIGH
9796c00c-dab4-47f1-ac42-36042fd84cce,2025-06-18 23:27,Best Buy,Electronics,"745 Edward Brooks, Lake Erik, VT, Canada",CA,74.45,https://logo.clearbit.com/bestbuy.ca,https://www.bestbuy.ca,FALSE,0.82,FALSE,HIGH
cf444d5d-287a-4b2a-8ac5-f67ec0592fbe,2025-06-18 4:40,Loblaws,Grocery Store,"75454 Raymond Pines, Harveyland, AR, Canada",CA,198.66,https://logo.clearbit.com/loblaws.ca,https://www.loblaws.ca,TRUE,0.65,FALSE,HIGH
6553fd68-19ed-407e-8f77-9dfc4e303758,2025-06-18 19:02,Best Buy,Electronics,"6275 Kimberly Knolls Apt. 697, Joshuaton, IN, Canada",CA,297.75,https://logo.clearbit.com/bestbuy.ca,https://www.bestbuy.ca,TRUE,0.83,TRUE,HIGH
af21e397-b885-4304-8068-ee49f93fb8b1,2025-06-18 9:07,Amazon,Online Retail,"78548 James Ports Suite 872, Lake Angela, MO, Canada",CA,117.02,https://logo.clearbit.com/amazon.com,https://www.amazon.com,FALSE,0.14,FALSE,HIGH
4d00a749-9e59-4a5a-bac5-ec86c5797457,2025-06-18 16:25,Best Buy,Electronics,"0145 Levine Drives, East Richard, CA, Canada",CA,66.12,https://logo.clearbit.com/bestbuy.ca,https://www.bestbuy.ca,TRUE,0.21,FALSE,HIGH
1abb6090-da9d-4f76-af4b-8dce25e2a2fc,2025-06-18 12:38,Uber,Transportation,"54920 Robert Rapid, North Caitlin, CO, Canada",CA,480.07,https://logo.clearbit.com/uber.com,https://www.uber.com,FALSE,0.24,TRUE,HIGH
a21bdaad-1cdc-4d66-bda6-1c593778d1b9,2025-06-18 21:25,Apple,Technology,"4761 Turner Mission, Wrightmouth, MD, Canada",CA,125.16,https://logo.clearbit.com/apple.com,https://www.apple.com,FALSE,0.22,FALSE,HIGH
79b785c9-2960-4d3b-8faf-6d4a07960919,2025-06-18 11:56,Best Buy,Electronics,"423 Richard Park, Lake Janice, AR, Canada",CA,334.49,https://logo.clearbit.com/bestbuy.ca,https://www.bestbuy.ca,TRUE,1,TRUE,HIGH
a3b18f98-c9f8-4f2b-8c6a-80a9dee2cff4,2025-06-18 14:23,Loblaws,Grocery Store,"72033 Williams Cliffs Suite 023, West Cody, AK, Canada",CA,183.55,https://logo.clearbit.com/loblaws.ca,https://www.loblaws.ca,FALSE,0.82,FALSE,HIGH
761d34f6-18f4-42ef-b01c-5a2cf3ae3c6e,2025-06-18 19:25,Best Buy,Electronics,"505 Jessica Inlet, Sarahland, RI, Canada",CA,336.19,https://logo.clearbit.com/bestbuy.ca,https://www.bestbuy.ca,TRUE,0.22,TRUE,HIGH
cb5a43b9-e7ec-40df-8929-ec6108bb27b2,2025-06-18 10:58,Starbucks,Coffee Shops,"57557 Patricia Lock Suite 328, West Robert, AK, Canada",CA,16.95,https://logo.clearbit.com/starbucks.com,https://www.starbucks.com,FALSE,0.1,FALSE,HIGH
102a552d-bb0b-4cc3-ab17-5ac22483e68d,2025-06-18 15:45,Best Buy,Electronics,"62185 Young Curve Apt. 076, West Bobberg, AR, Canada",CA,401.94,https://logo.clearbit.com/bestbuy.ca,https://www.bestbuy.ca,FALSE,0.85,TRUE,HIGH
e0c9dff1-c64a-4fdb-b9ec-d6497d37a248,2025-06-18 18:22,Netflix,Streaming Services,"569 Murray Club Suite 336, New Bobbyshire, AZ, Canada",CA,182.5,https://logo.clearbit.com/netflix.com,https://www.netflix.com,FALSE,0.35,FALSE,HIGH
cecc5782-2349-4cf6-96d8-d1088b5041e0,2025-06-18 12:35,Netflix,Streaming Services,"163 Rickey Pass Suite 851, Sarahton, MI, Canada",CA,385.46,https://logo.clearbit.com/netflix.com,https://www.netflix.com,TRUE,0.21,TRUE,HIGH
7366c4db-9201-4e8d-87c4-a43302725acc,2025-06-18 15:30,Starbucks,Coffee Shops,"472 Stephen Knoll, Campbellmouth, NC, Canada",CA,423.14,https://logo.clearbit.com/starbucks.com,https://www.starbucks.com,TRUE,0.33,TRUE,HIGH
1a86d629-9108-408e-9bdd-7f3939b00085,2025-06-18 10:24,Uber,Transportation,"306 Farley Pike, Dakotaview, MI, Canada",CA,271.43,https://logo.clearbit.com/uber.com,https://www.uber.com,TRUE,0.32,TRUE,HIGH
178f7893-5c66-4013-886d-ac3cca8da84f,2025-06-18 0:12,Loblaws,Grocery Store,"073 Allen Bypass, West Allison, MI, Canada",CA,136.02,https://logo.clearbit.com/loblaws.ca,https://www.loblaws.ca,FALSE,0.35,FALSE,HIGH
5f44fd50-839e-448d-b70f-b8e6795a375f,2025-06-18 15:00,Apple,Technology,"77730 Cory Park, Rodriguezburgh, MP, Canada",CA,448.41,https://logo.clearbit.com/apple.com,https://www.apple.com,TRUE,0.96,TRUE,HIGH
e5352367-7ee8-4066-ae37-0026be805823,2025-06-18 0:35,Tim Hortons,Coffee Shops,"8720 Douglas Shores Apt. 254, Manuelton, MA, Canada",CA,12.88,https://logo.clearbit.com/timhortons.ca,https://www.timhortons.ca,TRUE,0.58,FALSE,HIGH
f9b0e00b-4eed-4af0-bedd-dda9557fe8b2,2025-06-18 10:12,Indigo,Bookstore,"6163 James Underpass, Johnbury, WI, Canada",CA,93.06,https://logo.clearbit.com/indigo.ca,https://www.chapters.indigo.ca,TRUE,0.2,FALSE,HIGH
77133a05-171e-4fa2-8743-5f4b11d6af61,2025-06-18 8:45,Loblaws,Grocery Store,"4202 Lauren Green Apt. 488, Leeland, IA, Canada",CA,126.45,https://logo.clearbit.com/loblaws.ca,https://www.loblaws.ca,TRUE,0.44,FALSE,HIGH
1ddc151f-739a-4b5f-8663-7f4cc8646833,2025-06-18 19:02,Best Buy,Electronics,"99256 Pamela Stream, Ortizside, TN, Canada",CA,280.38,https://logo.clearbit.com/bestbuy.ca,https://www.bestbuy.ca,TRUE,0.41,TRUE,HIGH
d73b2a7b-4bfb-4866-880b-af604f6ce149,2025-06-18 1:27,Indigo,Bookstore,"03414 James Cliff Apt. 181, Alecmouth, PW, Canada",CA,292.54,https://logo.clearbit.com/indigo.ca,https://www.chapters.indigo.ca,FALSE,0.75,TRUE,HIGH
683af5bc-466f-4e98-9ce9-833ecb7d8870,2025-06-18 16:09,Tim Hortons,Coffee Shops,"7148 Rose Cliff, East Danstad, WV, Canada",CA,450.53,https://logo.clearbit.com/timhortons.ca,https://www.timhortons.ca,TRUE,0.32,TRUE,HIGH
66ea9392-1ff5-4218-9926-82c3f77421fd,2025-06-18 12:54,Tim Hortons,Coffee Shops,"7227 Stanley Mountains Suite 074, East Jasonmouth, KS, Canada",CA,43.14,https://logo.clearbit.com/timhortons.ca,https://www.timhortons.ca,TRUE,0.32,FALSE,HIGH
3cc720d9-9d21-4350-bc47-0d34a85ee51e,2025-06-18 7:48,Indigo,Bookstore,"698 Hicks Path Apt. 703, Mortontown, AR, Canada",CA,411.43,https://logo.clearbit.com/indigo.ca,https://www.chapters.indigo.ca,TRUE,0.47,TRUE,HIGH
ddfa1504-e6ca-4c85-81f5-b6e465371252,2025-06-18 5:10,Uber,Transportation,"0177 Desiree Island Suite 933, South Allisonville, FM, Canada",CA,419.12,https://logo.clearbit.com/uber.com,https://www.uber.com,FALSE,0.62,TRUE,HIGH
ba9caccb-2fdb-4ecd-a672-294663491b1e,2025-06-18 2:53,Walmart,Department Store,"35300 Williamson Union, South Courtney, MI, Canada",CA,448.44,https://logo.clearbit.com/walmart.com,https://www.walmart.com,FALSE,0.87,TRUE,HIGH
a4814518-af7d-4129-8a15-212608b75852,2025-06-18 12:57,Netflix,Streaming Services,"858 Hodge Shore, Port Christy, VI, Canada",CA,287.03,https://logo.clearbit.com/netflix.com,https://www.netflix.com,TRUE,0.71,TRUE,HIGH
6d036924-c64a-46f1-87ff-8dfa11560947,2025-06-18 4:41,Apple,Technology,"714 Vickie Garden Suite 931, Loweryfurt, NV, Canada",CA,218.26,https://logo.clearbit.com/apple.com,https://www.apple.com,TRUE,0.99,FALSE,HIGH
f4411437-be57-48a7-9ec5-e457d0810338,2025-06-18 21:29,Uber,Transportation,"050 Pedro Center, North Elizabethville, TN, Canada",CA,31.22,https://logo.clearbit.com/uber.com,https://www.uber.com,FALSE,0.59,FALSE,HIGH
c8c30268-7729-41db-8e9c-da6e14989322,2025-06-18 13:53,Amazon,Online Retail,"56161 Lee Green, Tammyhaven, CO, Canada",CA,308.86,https://logo.clearbit.com/amazon.com,https://www.amazon.com,FALSE,0.73,TRUE,HIGH
39f4c8f0-8389-498d-9a40-bb0efe4010db,2025-06-18 23:01,Loblaws,Grocery Store,"00882 Alyssa Hollow, Collierton, WV, Canada",CA,128.16,https://logo.clearbit.com/loblaws.ca,https://www.loblaws.ca,TRUE,0.84,FALSE,HIGH
6c56a20b-c8d7-4acb-a449-f858c1978734,2025-06-18 23:06,Tim Hortons,Coffee Shops,"221 Natasha Brooks, Lewisland, NC, Canada",CA,49.11,https://logo.clearbit.com/timhortons.ca,https://www.timhortons.ca,FALSE,0.57,FALSE,HIGH
c3ab245c-7111-4581-8aa6-83f9a8e75e1a,2025-06-18 13:43,Starbucks,Coffee Shops,"7640 Dylan Tunnel, Lake Ashleybury, TN, Canada",CA,424.4,https://logo.clearbit.com/starbucks.com,https://www.starbucks.com,TRUE,0.1,TRUE,HIGH
13293b72-26dd-4b63-a111-3c5beb22de8f,2025-06-18 13:22,Tim Hortons,Coffee Shops,"82671 Oscar Rapids Apt. 794, Meganburgh, HI, Canada",CA,92.82,https://logo.clearbit.com/timhortons.ca,https://www.timhortons.ca,FALSE,0.88,FALSE,HIGH
371e3a63-53c2-4b08-9f39-e5d7d353a395,2025-06-18 18:02,Apple,Technology,"4484 Laurie Summit Suite 868, Port Teresaville, CA, Canada",CA,49.91,https://logo.clearbit.com/apple.com,https://www.apple.com,FALSE,0.4,FALSE,HIGH
8957f4ea-c4c1-469a-965e-0e606fbcc91d,2025-06-18 10:05,Loblaws,Grocery Store,"06409 Luke Parks, Millermouth, MD, Canada",CA,178.84,https://logo.clearbit.com/loblaws.ca,https://www.loblaws.ca,TRUE,0.34,FALSE,HIGH
581c9b2a-5e5b-465d-9d2b-a61daa6eea7b,2025-06-18 19:07,Amazon,Online Retail,"627 Hickman Center, West Barbara, UT, Canada",CA,264.31,https://logo.clearbit.com/amazon.com,https://www.amazon.com,TRUE,0.88,TRUE,HIGH
275e5603-862e-480e-8f87-61725ee43711,2025-06-18 1:23,Starbucks,Coffee Shops,"56761 Ethan Point Suite 233, Port Alexiston, MN, Canada",CA,98.3,https://logo.clearbit.com/starbucks.com,https://www.starbucks.com,FALSE,0.18,FALSE,HIGH
1acb7bac-0039-452e-a1ba-07023c51db91,2025-06-18 12:34,Loblaws,Grocery Store,"82924 William Fork, Port Daniel, FM, Canada",CA,488.01,https://logo.clearbit.com/loblaws.ca,https://www.loblaws.ca,TRUE,0.87,TRUE,HIGH
f4e442d9-fb63-4e2d-a035-bdefa9d0b86c,2025-06-18 12:52,Tim Hortons,Coffee Shops,"33045 Browning Circles Apt. 616, Bakermouth, AL, Canada",CA,469.22,https://logo.clearbit.com/timhortons.ca,https://www.timhortons.ca,FALSE,0.78,TRUE,HIGH
fa4807ec-3a12-4d48-8bfd-9e51cf260252,2025-06-18 16:50,Amazon,Online Retail,"5801 Daniel Court Suite 642, Greerburgh, NC, Canada",CA,336.01,https://logo.clearbit.com/amazon.com,https://www.amazon.com,TRUE,0.34,TRUE,HIGH
46c65d32-7530-4e7f-84e9-be8de4fd0cc9,2025-06-18 11:30,Amazon,Online Retail,"15255 Davenport Mountain, Padillaside, ND, Canada",CA,333.44,https://logo.clearbit.com/amazon.com,https://www.amazon.com,FALSE,0.91,TRUE,HIGH
b55da2fe-44bc-4f25-b30c-43fa8aff69fe,2025-06-18 11:56,Uber,Transportation,"17489 Tara Brooks, Rebekahstad, AS, Canada",CA,289.67,https://logo.clearbit.com/uber.com,https://www.uber.com,FALSE,0.76,TRUE,HIGH
3d8e7798-14b5-46a9-95ba-fbd25f5f68e2,2025-06-18 6:14,Loblaws,Grocery Store,"971 Jones Vista, Margaretberg, HI, Canada",CA,144.87,https://logo.clearbit.com/loblaws.ca,https://www.loblaws.ca,TRUE,0.45,FALSE,HIGH
e9628bda-fcf7-4a84-9ad7-13cc16ed52b1,2025-06-18 4:06,Best Buy,Electronics,"37983 Jeanne Trace, Taylorberg, NV, Canada",CA,45.78,https://logo.clearbit.com/bestbuy.ca,https://www.bestbuy.ca,TRUE,0.49,FALSE,HIGH
1e2241f3-e9db-48ed-8eb8-cd628c4d0f8d,2025-06-18 10:34,Walmart,Department Store,"898 Adrian Park, Peterville, WA, Canada",CA,98.1,https://logo.clearbit.com/walmart.com,https://www.walmart.com,TRUE,0.31,FALSE,HIGH
447d7dcd-6bdb-42e7-a82f-cef8ff6ff58a,2025-06-18 5:17,Best Buy,Electronics,"97630 Deanna Mountains Apt. 794, Kimberlymouth, NH, Canada",CA,98.18,https://logo.clearbit.com/bestbuy.ca,https://www.bestbuy.ca,TRUE,0.82,FALSE,HIGH
d8dae4f0-31f4-487a-8ae8-7d65f9b87a64,2025-06-18 19:33,Best Buy,Electronics,"4107 Perkins Village Apt. 626, Justinbury, ME, Canada",CA,370.58,https://logo.clearbit.com/bestbuy.ca,https://www.bestbuy.ca,TRUE,0.51,TRUE,HIGH
70cbd2c7-1a5d-4b30-83e6-c49dc049de4f,2025-06-18 3:39,Starbucks,Coffee Shops,"8375 Wade Union Apt. 678, Wendyborough, ME, Canada",CA,446.72,https://logo.clearbit.com/starbucks.com,https://www.starbucks.com,FALSE,0.07,TRUE,HIGH
ec964e95-32a3-4944-8b82-0ef464abd5fc,2025-06-18 7:43,Best Buy,Electronics,"836 Edgar Flat Suite 403, South Bonnie, PA, Canada",CA,106.98,https://logo.clearbit.com/bestbuy.ca,https://www.bestbuy.ca,TRUE,0.92,FALSE,HIGH
b27b36ae-548a-4f1b-9fbf-762b23e8916a,2025-06-18 3:58,Uber,Transportation,"6121 Sara Ranch Apt. 270, Nguyenmouth, WA, Canada",CA,335.92,https://logo.clearbit.com/uber.com,https://www.uber.com,FALSE,0.68,TRUE,HIGH
ce64cd65-1337-4df6-899a-9e76e73132ab,2025-06-18 10:48,Netflix,Streaming Services,"28305 Phillips Manor, Johntown, KS, Canada",CA,106.41,https://logo.clearbit.com/netflix.com,https://www.netflix.com,FALSE,0.41,FALSE,HIGH
c250865c-797c-4eae-9991-f01db5a0f8ff,2025-06-18 10:49,Walmart,Department Store,"9502 Lewis Isle Suite 077, Tateport, WY, Canada",CA,210.86,https://logo.clearbit.com/walmart.com,https://www.walmart.com,FALSE,0.38,FALSE,HIGH
e9ce0a00-559b-46fe-a02e-a110ed3a7ea1,2025-06-18 16:57,Indigo,Bookstore,"391 Becky Lane, North Aaron, MA, Canada",CA,167.05,https://logo.clearbit.com/indigo.ca,https://www.chapters.indigo.ca,FALSE,0.96,FALSE,HIGH
92929b32-5bba-4bf9-a025-101e7c5163f8,2025-06-18 14:57,Uber,Transportation,"8872 Bryan Fields Apt. 280, East Robertshire, OH, Canada",CA,134.44,https://logo.clearbit.com/uber.com,https://www.uber.com,TRUE,0.39,FALSE,HIGH
5bf66359-497e-459c-a177-f8fcf0741df3,2025-06-18 21:07,Loblaws,Grocery Store,"6658 Taylor Groves Suite 609, Cardenastown, SD, Canada",CA,475.35,https://logo.clearbit.com/loblaws.ca,https://www.loblaws.ca,FALSE,0.2,TRUE,HIGH
9f77af9f-bea3-443f-b466-21c0bd82873b,2025-06-18 14:25,Starbucks,Coffee Shops,"860 Hughes Stravenue, Danielstown, WY, Canada",CA,223.8,https://logo.clearbit.com/starbucks.com,https://www.starbucks.com,TRUE,0.66,FALSE,HIGH
585fef89-962a-4ab1-a01f-84a27d79e088,2025-06-18 2:53,Tim Hortons,Coffee Shops,"60199 Tiffany Point Suite 808, Smithville, NJ, Canada",CA,26.66,https://logo.clearbit.com/timhortons.ca,https://www.timhortons.ca,TRUE,0.95,FALSE,HIGH
218173d0-2530-4455-a06a-3191b5c50df2,2025-06-18 15:45,Tim Hortons,Coffee Shops,"1520 Mcdonald Cove Apt. 740, Jeremychester, OH, Canada",CA,430.45,https://logo.clearbit.com/timhortons.ca,https://www.timhortons.ca,FALSE,0.92,TRUE,HIGH
81d9ffaf-32f0-4739-ac30-3fd4232695eb,2025-06-18 19:56,Tim Hortons,Coffee Shops,"672 Gutierrez Skyway Apt. 511, Port Ashleytown, AR, Canada",CA,233.71,https://logo.clearbit.com/timhortons.ca,https://www.timhortons.ca,TRUE,0.39,FALSE,HIGH
f831e30c-f620-4fa7-8443-1002255d6b14,2025-06-18 12:14,Loblaws,Grocery Store,"920 Alexander Spring, New Rachel, NJ, Canada",CA,171.26,https://logo.clearbit.com/loblaws.ca,https://www.loblaws.ca,FALSE,0.03,FALSE,HIGH
182cc9d4-622c-44b8-b582-effd7e3ddbc4,2025-06-18 12:06,Walmart,Department Store,"480 Nicole Drive, Bakerstad, RI, Canada",CA,284,https://logo.clearbit.com/walmart.com,https://www.walmart.com,TRUE,0.02,TRUE,HIGH
0e08e5e6-7fa8-4904-9522-73315260b798,2025-06-18 3:27,Uber,Transportation,"721 Jordan Mount Apt. 758, Port Josephberg, RI, Canada",CA,128.77,https://logo.clearbit.com/uber.com,https://www.uber.com,FALSE,0.48,FALSE,HIGH
9126a517-8664-46ee-a0f1-40bdbcf213ff,2025-06-18 18:36,Netflix,Streaming Services,"4134 Darrell Ridge Apt. 936, Lake Markchester, HI, Canada",CA,320.36,https://logo.clearbit.com/netflix.com,https://www.netflix.com,TRUE,0.96,TRUE,HIGH
4ac76049-6ddd-4c9a-8a41-56b6adbaf334,2025-06-18 12:46,Best Buy,Electronics,"193 Bennett Gateway Apt. 124, Kristinfort, PA, Canada",CA,499.57,https://logo.clearbit.com/bestbuy.ca,https://www.bestbuy.ca,TRUE,0.37,TRUE,HIGH
e53bfef0-41e1-4bb7-bac7-9eae30a5546e,2025-06-18 0:25,Best Buy,Electronics,"287 Rebecca Mall Apt. 545, Williamfurt, IN, Canada",CA,213.46,https://logo.clearbit.com/bestbuy.ca,https://www.bestbuy.ca,FALSE,0.46,FALSE,HIGH
09661b57-fee8-44b2-89d2-6b2a2a6bc6c0,2025-06-18 13:38,Apple,Technology,"418 Frederick Walk Apt. 521, Lake Alexandra, ND, Canada",CA,224.73,https://logo.clearbit.com/apple.com,https://www.apple.com,FALSE,0.46,FALSE,HIGH
90b4834b-560d-4370-b1ec-01c884ca052e,2025-06-18 4:07,Tim Hortons,Coffee Shops,"9469 Thompson Parkway, Lake Mary, LA, Canada",CA,166.38,https://logo.clearbit.com/timhortons.ca,https://www.timhortons.ca,FALSE,0.13,FALSE,HIGH
c971c22e-b328-4ce4-af75-8584b5a5eb45,2025-06-18 2:40,Uber,Transportation,"66864 Kristin Well, Gardnerberg, NE, Canada",CA,101.33,https://logo.clearbit.com/uber.com,https://www.uber.com,FALSE,0.9,FALSE,HIGH
67e01688-800e-469f-8275-6108fb6110ab,2025-06-18 3:35,Indigo,Bookstore,"277 Brian Isle, West Alyssa, VT, Canada",CA,327.86,https://logo.clearbit.com/indigo.ca,https://www.chapters.indigo.ca,FALSE,0.9,TRUE,HIGH
203ba57d-4024-4f98-87e0-be88b4b9b051,2025-06-18 21:59,Uber,Transportation,"27322 Cabrera Valleys, Livingstontown, ME, Canada",CA,209,https://logo.clearbit.com/uber.com,https://www.uber.com,TRUE,0.22,FALSE,HIGH
94b3f18b-c3c9-4f9e-bdc0-832d92e573e7,2025-06-18 10:48,Uber,Transportation,"06239 Case Prairie Suite 264, South Robertside, PA, Canada",CA,385.77,https://logo.clearbit.com/uber.com,https://www.uber.com,FALSE,0.58,TRUE,HIGH
d6fbf2f4-4827-49fd-9942-be8caaf52235,2025-06-18 8:51,Loblaws,Grocery Store,"20339 Heather Garden, Davisfurt, FL, Canada",CA,79.59,https://logo.clearbit.com/loblaws.ca,https://www.loblaws.ca,FALSE,0.47,FALSE,HIGH
b7895d27-9c99-4058-ac45-105b2b4d5386,2025-06-18 15:52,Uber,Transportation,"74356 Smith Roads, Henryhaven, WI, Canada",CA,267.64,https://logo.clearbit.com/uber.com,https://www.uber.com,TRUE,0.68,TRUE,HIGH
8088fab2-996e-4f43-8780-d868c833973a,2025-06-18 14:28,Tim Hortons,Coffee Shops,"520 Shannon Trail, Port Katherine, MO, Canada",CA,105.49,https://logo.clearbit.com/timhortons.ca,https://www.timhortons.ca,TRUE,0.96,FALSE,HIGH
4cfad34c-fc3d-4025-bb57-116bf1ccefb7,2025-06-18 12:43,Starbucks,Coffee Shops,"321 Joann Haven Suite 029, Port Samuel, LA, Canada",CA,148.42,https://logo.clearbit.com/starbucks.com,https://www.starbucks.com,TRUE,0.8,FALSE,HIGH
e584017c-fe0b-4d56-82c0-176e0e730413,2025-06-18 5:01,Starbucks,Coffee Shops,"412 Mackenzie Camp, Jenniferburgh, MI, Canada",CA,450.9,https://logo.clearbit.com/starbucks.com,https://www.starbucks.com,TRUE,0.16,TRUE,HIGH
5dcedfe1-107c-4430-b134-826f947c6bc0,2025-06-18 20:40,Indigo,Bookstore,"34348 Kennedy Flats, New Katie, RI, Canada",CA,316.2,https://logo.clearbit.com/indigo.ca,https://www.chapters.indigo.ca,FALSE,0.69,TRUE,HIGH
37b80774-3b84-4849-a123-4f8e5094c6a9,2025-06-18 15:35,Loblaws,Grocery Store,"6861 Tristan Highway, North Kayla, FL, Canada",CA,488.18,https://logo.clearbit.com/loblaws.ca,https://www.loblaws.ca,TRUE,0.91,TRUE,HIGH
d17e913d-47a4-41ca-81c6-ddce0ece3727,2025-06-18 10:47,Apple,Technology,"740 Li Burgs, East Jenniferburgh, AK, Canada",CA,473.57,https://logo.clearbit.com/apple.com,https://www.apple.com,FALSE,0.89,TRUE,HIGH
e444fea7-161f-493d-8d02-16fbc04a4c80,2025-06-18 21:40,Amazon,Online Retail,"4956 Susan Club, Patriciafort, WI, Canada",CA,443.81,https://logo.clearbit.com/amazon.com,https://www.amazon.com,TRUE,0.18,TRUE,HIGH
e19ad29f-fa84-459a-ae4d-24073f44be0a,2025-06-18 11:10,Uber,Transportation,"775 Michael Wall, Hernandezland, GU, Canada",CA,153.55,https://logo.clearbit.com/uber.com,https://www.uber.com,FALSE,0.92,FALSE,HIGH
1813f6df-a827-42ec-b838-8f94b6578d10,2025-06-18 6:43,Starbucks,Coffee Shops,"258 Newton Knolls Suite 139, New Stephanietown, IL, Canada",CA,30.75,https://logo.clearbit.com/starbucks.com,https://www.starbucks.com,TRUE,0.7,FALSE,HIGH
ce40ba1d-d410-4eb8-bc4a-c39f9deffc77,2025-06-18 15:29,Netflix,Streaming Services,"67883 Gonzalez Wells, East Stephanie, ND, Canada",CA,227.22,https://logo.clearbit.com/netflix.com,https://www.netflix.com,FALSE,0.34,FALSE,HIGH
219dac14-17ca-48de-83c8-f14ca6383687,2025-06-18 11:05,Tim Hortons,Coffee Shops,"20631 Cook Extension Suite 760, West Michaelport, AL, Canada",CA,277.88,https://logo.clearbit.com/timhortons.ca,https://www.timhortons.ca,TRUE,0.87,TRUE,HIGH
3779eb52-7c1e-4f20-988c-3c717f1064b1,2025-06-18 23:25,Loblaws,Grocery Store,"68611 Hughes Burgs, South Charles, NC, Canada",CA,452.74,https://logo.clearbit.com/loblaws.ca,https://www.loblaws.ca,FALSE,0.39,TRUE,HIGH
872dd348-029a-4d9e-ad5a-f2090067b937,2025-06-18 4:49,Indigo,Bookstore,"77140 Kelly Union Suite 545, Emilychester, AK, Canada",CA,427.55,https://logo.clearbit.com/indigo.ca,https://www.chapters.indigo.ca,FALSE,0.41,TRUE,HIGH
449ec9b7-784c-42c7-bec0-9dc92f3c76c7,2025-06-18 5:24,Apple,Technology,"93409 Richard Lake Apt. 811, South Linda, WY, Canada",CA,459.79,https://logo.clearbit.com/apple.com,https://www.apple.com,TRUE,0.81,TRUE,HIGH
d8280089-aa8e-4fde-8a2b-aa3e99315e56,2025-06-18 23:04,Tim Hortons,Coffee Shops,"48484 Monica Mountains, Johnsonchester, HI, Canada",CA,431.43,https://logo.clearbit.com/timhortons.ca,https://www.timhortons.ca,TRUE,0.02,TRUE,HIGH
5afc026d-511b-4952-81f1-c7d8e0209810,2025-06-18 22:07,Starbucks,Coffee Shops,"951 Shepherd Ranch Suite 449, Pattersonmouth, LA, Canada",CA,404.08,https://logo.clearbit.com/starbucks.com,https://www.starbucks.com,TRUE,0.24,TRUE,HIGH
ed1fa458-2cf2-4979-9ac0-08d3119b2209,2025-06-18 10:03,Loblaws,Grocery Store,"4794 Richards Fort, Emilychester, VT, Canada",CA,390.54,https://logo.clearbit.com/loblaws.ca,https://www.loblaws.ca,TRUE,0.01,TRUE,HIGH
adb5dc60-172b-4c7b-aa46-1e17dc674e2f,2025-06-18 13:54,Walmart,Department Store,"372 Marquez Wall, Barrettshire, OH, Canada",CA,353.55,https://logo.clearbit.com/walmart.com,https://www.walmart.com,TRUE,0.92,TRUE,HIGH
09fe059b-6d7c-4305-ac5d-5f217484912f,2025-06-18 20:17,Amazon,Online Retail,"26564 Sampson Mountains, Port Christopherhaven, OH, Canada",CA,96.86,https://logo.clearbit.com/amazon.com,https://www.amazon.com,TRUE,0,FALSE,HIGH
7bc9d5b4-8f67-452c-86ce-ed65e8359bf6,2025-06-18 7:04,Loblaws,Grocery Store,"708 Jones Stravenue, South Jessicaville, DE, Canada",CA,109.06,https://logo.clearbit.com/loblaws.ca,https://www.loblaws.ca,TRUE,0.39,FALSE,HIGH
209271d1-9f47-4945-b7b7-34a720cfab81,2025-06-18 17:10,Apple,Technology,"47388 Cordova Ferry Apt. 774, Elliston, NJ, Canada",CA,304.7,https://logo.clearbit.com/apple.com,https://www.apple.com,TRUE,0.47,TRUE,HIGH
cdbe9889-08dd-49de-af17-faf6b1dd9c5e,2025-06-18 0:17,Indigo,Bookstore,"226 Armstrong Prairie, New Robertfurt, MT, Canada",CA,8.13,https://logo.clearbit.com/indigo.ca,https://www.chapters.indigo.ca,TRUE,0.97,FALSE,HIGH
5eea9e7d-dbca-434b-8d0c-5480cd2edeb3,2025-06-18 9:46,Netflix,Streaming Services,"653 Maria Rue, Stephenchester, ME, Canada",CA,76.23,https://logo.clearbit.com/netflix.com,https://www.netflix.com,TRUE,0.7,FALSE,HIGH
a9bf831d-9270-49b5-b6f7-b934b04d9e25,2025-06-18 18:30,Amazon,Online Retail,"00370 Sergio Valleys, South Abigail, AR, Canada",CA,98.16,https://logo.clearbit.com/amazon.com,https://www.amazon.com,FALSE,0.76,FALSE,HIGH
bcb0dbe4-6e2a-496e-a215-81f290936eee,2025-06-18 22:31,Netflix,Streaming Services,"02626 Brian Crossroad, Alvaradoview, MI, Canada",CA,144.32,https://logo.clearbit.com/netflix.com,https://www.netflix.com,TRUE,0.06,FALSE,HIGH
66924d0a-b42b-48ed-8b57-e80a7304e12b,2025-06-18 10:17,Amazon,Online Retail,"53669 James Park, Hallview, DC, Canada",CA,162.61,https://logo.clearbit.com/amazon.com,https://www.amazon.com,FALSE,0.7,FALSE,HIGH
986e5356-6466-4630-a1ef-9c3d1eb81006,2025-06-18 5:31,Netflix,Streaming Services,"3333 Cynthia Plain, New Juan, MO, Canada",CA,382.89,https://logo.clearbit.com/netflix.com,https://www.netflix.com,FALSE,0.55,TRUE,HIGH
59ccc08a-b937-49bb-a8d9-0f798a8f1edf,2025-06-18 2:43,Loblaws,Grocery Store,"57804 Robinson Courts, Karenville, NJ, Canada",CA,117.92,https://logo.clearbit.com/loblaws.ca,https://www.loblaws.ca,TRUE,0.04,FALSE,HIGH
2792aba7-68f5-4b33-8d87-2295a998251a,2025-06-18 17:03,Tim Hortons,Coffee Shops,"064 Richard Knolls Suite 421, Tracyside, WY, Canada",CA,207.82,https://logo.clearbit.com/timhortons.ca,https://www.timhortons.ca,FALSE,0.32,FALSE,HIGH
6eb48c12-60fc-460a-939d-18e6dbfab4c0,2025-06-18 0:14,Starbucks,Coffee Shops,"49986 Douglas Prairie Suite 910, New Matthew, ME, Canada",CA,79.76,https://logo.clearbit.com/starbucks.com,https://www.starbucks.com,TRUE,0.22,FALSE,HIGH
9c66745a-b286-4bf7-859f-1295fe39b3a6,2025-06-18 15:30,Apple,Technology,"34874 Carmen Circles, Contrerastown, AS, Canada",CA,219.26,https://logo.clearbit.com/apple.com,https://www.apple.com,TRUE,0.49,FALSE,HIGH
96483676-715b-4eb4-9e46-ec5309292221,2025-06-18 3:30,Tim Hortons,Coffee Shops,"937 Mendez Roads Suite 176, Port Lisatown, PA, Canada",CA,354.48,https://logo.clearbit.com/timhortons.ca,https://www.timhortons.ca,FALSE,0.14,TRUE,HIGH
9b672e08-d715-4aaa-aa1a-524015afff94,2025-06-18 4:01,Walmart,Department Store,"7338 Tate Centers Suite 289, Lake Martinchester, MI, Canada",CA,478.64,https://logo.clearbit.com/walmart.com,https://www.walmart.com,TRUE,0.34,TRUE,HIGH
35c7b211-2d96-4188-98ca-20100988b3da,2025-06-18 6:34,Netflix,Streaming Services,"378 Singh Mills, New Allisonside, NY, Canada",CA,343.61,https://logo.clearbit.com/netflix.com,https://www.netflix.com,FALSE,0.61,TRUE,HIGH
75d26415-4ba6-4069-8fbd-8d4b57ce17b7,2025-06-18 18:33,Tim Hortons,Coffee Shops,"6924 Kenneth Well Apt. 548, Larsonburgh, DE, Canada",CA,404.53,https://logo.clearbit.com/timhortons.ca,https://www.timhortons.ca,TRUE,0.37,TRUE,HIGH
8f831004-12af-493c-be79-89f587a58aa3,2025-06-18 15:35,Tim Hortons,Coffee Shops,"161 Gregory Valleys, Bradleybury, VA, Canada",CA,318.77,https://logo.clearbit.com/timhortons.ca,https://www.timhortons.ca,FALSE,0.79,TRUE,HIGH
9373722d-71b9-4b12-9217-9a5dd5f29696,2025-06-18 1:18,Apple,Technology,"81580 Adkins Shoal Apt. 949, East Robinstad, AZ, Canada",CA,445.83,https://logo.clearbit.com/apple.com,https://www.apple.com,FALSE,0.51,TRUE,HIGH
267928ed-015e-4eea-b1f3-1284b1655fae,2025-06-18 10:47,Amazon,Online Retail,"91939 Patel Common Suite 717, New Alexanderport, RI, Canada",CA,195.15,https://logo.clearbit.com/amazon.com,https://www.amazon.com,TRUE,0.62,FALSE,HIGH
fc50aa2a-c6ee-43a0-a421-e1842aabd9cf,2025-06-18 1:25,Netflix,Streaming Services,"7588 Cruz Stravenue, Scotttown, MS, Canada",CA,357.39,https://logo.clearbit.com/netflix.com,https://www.netflix.com,FALSE,0.85,TRUE,HIGH
ed0d1607-e624-443f-99fb-89bd9f0d2e4c,2025-06-18 12:54,Loblaws,Grocery Store,"36081 Hartman Trail, Lake Pamelatown, KS, Canada",CA,479.07,https://logo.clearbit.com/loblaws.ca,https://www.loblaws.ca,TRUE,0.3,TRUE,HIGH
363431da-b78b-405c-a4ff-2b64d8e0d4fb,2025-06-18 17:46,Walmart,Department Store,"074 Charlene Harbor Apt. 429, West Christinemouth, VI, Canada",CA,152.6,https://logo.clearbit.com/walmart.com,https://www.walmart.com,TRUE,0.14,FALSE,HIGH
5ce506d9-150e-43af-a76d-6367664dd53f,2025-06-18 10:00,Amazon,Online Retail,"967 David Land Suite 277, Bradleyland, MH, Canada",CA,468.77,https://logo.clearbit.com/amazon.com,https://www.amazon.com,FALSE,0.28,TRUE,HIGH
c244f8e6-e2ff-4bf7-b19a-2a273bdb520c,2025-06-18 16:26,Uber,Transportation,"31252 White Flats Suite 256, North Abigailhaven, MP, Canada",CA,229.4,https://logo.clearbit.com/uber.com,https://www.uber.com,TRUE,0.59,FALSE,HIGH
51280d8e-5564-4597-a04f-d93cb0ded951,2025-06-18 19:12,Tim Hortons,Coffee Shops,"59934 John Crossroad Apt. 091, New Joseph, KS, Canada",CA,278.52,https://logo.clearbit.com/timhortons.ca,https://www.timhortons.ca,FALSE,0.14,TRUE,HIGH
246fda10-1e51-4239-80aa-f40cac83f10b,2025-06-18 17:04,Best Buy,Electronics,"13685 Curtis Trail Apt. 621, South Maureenland, KS, Canada",CA,348.82,https://logo.clearbit.com/bestbuy.ca,https://www.bestbuy.ca,TRUE,0.81,TRUE,HIGH
34143639-91de-4bef-ac3f-d9eb57abef83,2025-06-18 14:21,Apple,Technology,"01061 Weeks Knolls Apt. 996, Michaelmouth, ME, Canada",CA,83.73,https://logo.clearbit.com/apple.com,https://www.apple.com,FALSE,0.23,FALSE,HIGH
5bf70224-9a7c-4000-97f7-40166c734cc8,2025-06-18 11:41,Walmart,Department Store,"19971 Frances Lake, East Lori, FM, Canada",CA,324.16,https://logo.clearbit.com/walmart.com,https://www.walmart.com,TRUE,0.05,TRUE,HIGH
f6ffed88-c791-41cf-9a9b-ab11933478af,2025-06-18 5:16,Tim Hortons,Coffee Shops,"6382 Leach Prairie, East Jasonburgh, GA, Canada",CA,196.83,https://logo.clearbit.com/timhortons.ca,https://www.timhortons.ca,FALSE,0.02,FALSE,HIGH
e2f96379-c309-4a7a-8201-fcc8401f56da,2025-06-18 4:56,Uber,Transportation,"2643 James Branch Suite 596, Lake Kathleen, MH, Canada",CA,441.42,https://logo.clearbit.com/uber.com,https://www.uber.com,TRUE,0.4,TRUE,HIGH
30775057-a380-4cbc-acf1-7ceff1bbe016,2025-06-18 22:04,Starbucks,Coffee Shops,"48531 James Shoal Suite 358, Bethside, CO, Canada",CA,270.43,https://logo.clearbit.com/starbucks.com,https://www.starbucks.com,FALSE,0.27,TRUE,HIGH
a4c27f7e-ec1e-40fa-bcdc-9725ee2b5e23,2025-06-18 17:32,Uber,Transportation,"4811 Barber Prairie, Saraside, AS, Canada",CA,131.86,https://logo.clearbit.com/uber.com,https://www.uber.com,TRUE,0.33,FALSE,HIGH
43bb311b-5fe4-4dfa-a641-d2a5021e42df,2025-06-18 13:16,Apple,Technology,"7687 Freeman Port Apt. 586, East Marthaport, CO, Canada",CA,303.67,https://logo.clearbit.com/apple.com,https://www.apple.com,FALSE,0.2,TRUE,HIGH
cb9f18b9-6d0e-4901-90f3-7e816e61709b,2025-06-18 17:16,Loblaws,Grocery Store,"8044 Kara Loop Suite 792, West Victoriatown, CO, Canada",CA,443.89,https://logo.clearbit.com/loblaws.ca,https://www.loblaws.ca,FALSE,0.36,TRUE,HIGH
a61d939c-940c-4290-9bbd-306c87766385,2025-06-18 13:29,Walmart,Department Store,"64790 Combs Union Apt. 573, South Shawnshire, MS, Canada",CA,325.68,https://logo.clearbit.com/walmart.com,https://www.walmart.com,TRUE,0.57,TRUE,HIGH
629433cc-9180-4806-b834-567a6be085fb,2025-06-18 0:37,Loblaws,Grocery Store,"205 Bradley Mill, West Rhonda, RI, Canada",CA,415.65,https://logo.clearbit.com/loblaws.ca,https://www.loblaws.ca,FALSE,0.21,TRUE,HIGH
0987061f-7ef5-4ad7-9cf5-9f8fa2ee1192,2025-06-18 17:32,Best Buy,Electronics,"557 Eric Wells, Owensville, DE, Canada",CA,361.38,https://logo.clearbit.com/bestbuy.ca,https://www.bestbuy.ca,FALSE,0.98,TRUE,HIGH
488b2ef0-1975-414b-b888-8749d9acb7cb,2025-06-18 22:26,Uber,Transportation,"08597 Shelly Parkway Suite 794, Lake Ruth, PR, Canada",CA,146.24,https://logo.clearbit.com/uber.com,https://www.uber.com,TRUE,0.08,FALSE,HIGH
e889d52b-3f5a-4226-89ae-9dbd42403c0f,2025-06-18 16:35,Amazon,Online Retail,"0263 Tracy Villages Suite 659, Stokesview, WA, Canada",CA,442.78,https://logo.clearbit.com/amazon.com,https://www.amazon.com,TRUE,0.62,TRUE,HIGH
d40b0164-21cd-4da9-a974-c4e2dc2fe2a5,2025-06-18 8:29,Tim Hortons,Coffee Shops,"945 Joel Valley, Joshuaton, WI, Canada",CA,111.58,https://logo.clearbit.com/timhortons.ca,https://www.timhortons.ca,TRUE,0.97,FALSE,HIGH
944094af-d94d-4f3e-a78f-84b73f0ea32e,2025-06-18 3:02,Netflix,Streaming Services,"8040 Walker Fords Apt. 415, Lake Nicholeborough, HI, Canada",CA,386.37,https://logo.clearbit.com/netflix.com,https://www.netflix.com,TRUE,0.3,TRUE,HIGH
151f507c-83af-412f-bf8a-9f68c3f33404,2025-06-18 19:05,Best Buy,Electronics,"92361 Ashley Crossroad, South Steven, MN, Canada",CA,416.07,https://logo.clearbit.com/bestbuy.ca,https://www.bestbuy.ca,FALSE,0.18,TRUE,HIGH
92ccca9f-de23-4a0e-af5e-ecf599237038,2025-06-18 5:07,Netflix,Streaming Services,"510 Adams Park Apt. 783, Scottview, NY, Canada",CA,356.4,https://logo.clearbit.com/netflix.com,https://www.netflix.com,FALSE,0.2,TRUE,HIGH
7cf4b268-7e33-4b68-b73e-dd37e11b373d,2025-06-18 4:23,Loblaws,Grocery Store,"272 Christina Field Apt. 788, Port Elizabeth, MS, Canada",CA,121.24,https://logo.clearbit.com/loblaws.ca,https://www.loblaws.ca,FALSE,0.81,FALSE,HIGH
0316bf61-6b72-41c2-aa0f-26b709d3e504,2025-06-18 13:15,Walmart,Department Store,"16785 Vaughan Grove Apt. 889, Wendyshire, IL, Canada",CA,437.39,https://logo.clearbit.com/walmart.com,https://www.walmart.com,FALSE,0.56,TRUE,HIGH
20018e18-3e99-45bb-9cca-642ac84f1a69,2025-06-18 3:04,Apple,Technology,"075 Smith Station, Ericton, DE, Canada",CA,397.02,https://logo.clearbit.com/apple.com,https://www.apple.com,TRUE,0.29,TRUE,HIGH
341c0413-8ab7-4c8d-bff2-e1a777956d32,2025-06-18 13:23,Indigo,Bookstore,"4030 Harper Ramp Apt. 540, Lake Steven, GA, Canada",CA,86.13,https://logo.clearbit.com/indigo.ca,https://www.chapters.indigo.ca,FALSE,0.73,FALSE,HIGH
772bd840-a16e-422d-ac9f-89c42c08e5b6,2025-06-18 4:31,Uber,Transportation,"068 Lindsey Centers, Allisonville, WY, Canada",CA,203.88,https://logo.clearbit.com/uber.com,https://www.uber.com,FALSE,0.98,FALSE,HIGH
47c5d15b-abcd-4e44-ad42-29762a82c8e1,2025-06-18 18:27,Netflix,Streaming Services,"54847 Rose Knolls, Avilafort, PA, Canada",CA,78.08,https://logo.clearbit.com/netflix.com,https://www.netflix.com,FALSE,0.68,FALSE,HIGH
0bc3c8a9-9b42-4bcb-abba-84896c1f5175,2025-06-18 23:14,Indigo,Bookstore,"089 Destiny Heights Suite 403, Anthonychester, PA, Canada",CA,318.19,https://logo.clearbit.com/indigo.ca,https://www.chapters.indigo.ca,TRUE,0.85,TRUE,HIGH
b55a67a4-f6c3-4383-a1c3-2dd49e712d05,2025-06-18 11:36,Uber,Transportation,"9355 Michele Parkways Apt. 277, Kevinmouth, SC, Canada",CA,74.06,https://logo.clearbit.com/uber.com,https://www.uber.com,TRUE,0.82,FALSE,HIGH
2087bae4-3960-48f3-b998-3bf09a7e3608,2025-06-18 5:29,Indigo,Bookstore,"9790 Trevor Station, Morganstad, PA, Canada",CA,274.28,https://logo.clearbit.com/indigo.ca,https://www.chapters.indigo.ca,TRUE,0.58,TRUE,HIGH
42d620ca-3053-40f7-aa28-2595fa6e83e9,2025-06-18 19:25,Netflix,Streaming Services,"674 Samuel Curve Apt. 956, Wilsonmouth, MN, Canada",CA,467.58,https://logo.clearbit.com/netflix.com,https://www.netflix.com,TRUE,0.74,TRUE,HIGH
9c655117-4486-4322-9136-83d6bbad152f,2025-06-18 0:29,Tim Hortons,Coffee Shops,"1341 Escobar Route Apt. 054, Matthewbury, WY, Canada",CA,276.48,https://logo.clearbit.com/timhortons.ca,https://www.timhortons.ca,FALSE,0.52,TRUE,HIGH
b8a0465c-8557-470c-8212-5782a4f805e8,2025-06-18 8:58,Amazon,Online Retail,"4264 Charles Glens Suite 832, Greenechester, MT, Canada",CA,38.18,https://logo.clearbit.com/amazon.com,https://www.amazon.com,FALSE,0.95,FALSE,HIGH
e42ce26e-2227-4e9e-bc37-e7d865fc00e0,2025-06-18 1:07,Apple,Technology,"51919 Lambert Shoals, Port Matthewstad, SC, Canada",CA,380.73,https://logo.clearbit.com/apple.com,https://www.apple.com,TRUE,0.47,TRUE,HIGH
08bef9ec-1993-4778-9d8a-7477e159422b,2025-06-18 10:34,Uber,Transportation,"33616 Morgan Brooks, Farmerview, NH, Canada",CA,197.15,https://logo.clearbit.com/uber.com,https://www.uber.com,TRUE,0.25,FALSE,HIGH
82661e22-dce7-4a9c-a3c6-bd73203fdae7,2025-06-18 8:43,Apple,Technology,"706 Luis Club Apt. 218, Port Patrickborough, AS, Canada",CA,150.23,https://logo.clearbit.com/apple.com,https://www.apple.com,TRUE,0.04,FALSE,HIGH
2f19f675-b474-4e72-b8d0-dd92fd5700ab,2025-06-18 1:17,Best Buy,Electronics,"468 Fuller Spur Suite 190, Lake Austin, CA, Canada",CA,388.99,https://logo.clearbit.com/bestbuy.ca,https://www.bestbuy.ca,TRUE,0.77,TRUE,HIGH
aac6d328-feba-4e91-a9f9-6f0528dfca94,2025-06-18 6:01,Uber,Transportation,"63305 Erickson Land, Jameston, AL, Canada",CA,423.54,https://logo.clearbit.com/uber.com,https://www.uber.com,TRUE,0.71,TRUE,HIGH
2b1655cc-83e9-4086-b1e4-1f0c0c8d679b,2025-06-18 1:32,Starbucks,Coffee Shops,"6280 Hickman Unions, Marshallfort, PR, Canada",CA,47.76,https://logo.clearbit.com/starbucks.com,https://www.starbucks.com,TRUE,0.66,FALSE,HIGH
7973665d-e935-456b-b951-17a1ce66d55f,2025-06-18 18:25,Apple,Technology,"3595 Dominguez Port Apt. 922, West Michelleville, IL, Canada",CA,38.08,https://logo.clearbit.com/apple.com,https://www.apple.com,TRUE,0.58,FALSE,HIGH
d33bfb7e-a482-4037-95f8-3f467f941ffb,2025-06-18 22:06,Netflix,Streaming Services,"735 Andrea Street Apt. 774, Acevedoport, NM, Canada",CA,70.94,https://logo.clearbit.com/netflix.com,https://www.netflix.com,FALSE,0.01,FALSE,HIGH
3c1e3b8b-dd1c-43a4-8826-d0b87c1d9977,2025-06-18 16:08,Walmart,Department Store,"9958 Robinson Freeway, Paulshire, OR, Canada",CA,257.55,https://logo.clearbit.com/walmart.com,https://www.walmart.com,TRUE,0.11,TRUE,HIGH
895f6720-0833-4341-a6af-d65aa9b85d03,2025-06-18 20:47,Indigo,Bookstore,"29317 Dixon Isle, Port Johnview, TX, Canada",CA,430.05,https://logo.clearbit.com/indigo.ca,https://www.chapters.indigo.ca,TRUE,0.15,TRUE,HIGH
de1678cb-8ada-4e42-b6c1-2408cffd8ed2,2025-06-18 10:44,Loblaws,Grocery Store,"369 Hayes Knoll, Lopezview, ID, Canada",CA,315.34,https://logo.clearbit.com/loblaws.ca,https://www.loblaws.ca,FALSE,0.84,TRUE,HIGH
7767956b-34e9-4c03-94ef-df38b8906e88,2025-06-18 3:55,Best Buy,Electronics,"01042 Chan Ramp Suite 493, Joshuashire, FL, Canada",CA,26.24,https://logo.clearbit.com/bestbuy.ca,https://www.bestbuy.ca,FALSE,0.78,FALSE,HIGH
cd749b57-84db-453c-8fc5-49c9bdce5587,2025-06-18 14:26,Uber,Transportation,"85699 Beverly Haven, South Marc, AL, Canada",CA,349.15,https://logo.clearbit.com/uber.com,https://www.uber.com,TRUE,0.47,TRUE,HIGH
aabea86b-95bc-4d03-9b89-ba0ab058384a,2025-06-18 23:09,Netflix,Streaming Services,"4491 Lee Drive, New Diamondville, CT, Canada",CA,438,https://logo.clearbit.com/netflix.com,https://www.netflix.com,TRUE,0.31,TRUE,HIGH
1bbc587e-8bfd-48da-8515-a9e11366f432,2025-06-18 0:03,Netflix,Streaming Services,"1320 Lawrence Village Suite 238, Alexanderton, GU, Canada",CA,99.96,https://logo.clearbit.com/netflix.com,https://www.netflix.com,FALSE,0.52,FALSE,HIGH
b6f62f2c-d0d9-48cb-82ff-9ea22eea233e,2025-06-18 23:52,Best Buy,Electronics,"42939 Bowman Meadow Suite 740, Tuckerberg, CA, Canada",CA,142.87,https://logo.clearbit.com/bestbuy.ca,https://www.bestbuy.ca,FALSE,0.67,FALSE,HIGH
4946a0c2-4efc-4ac4-82d2-3e96d3459658,2025-06-18 5:50,Loblaws,Grocery Store,"40033 Nicole Land Apt. 097, West Lauren, AS, Canada",CA,385.32,https://logo.clearbit.com/loblaws.ca,https://www.loblaws.ca,TRUE,0.8,TRUE,HIGH
2d03c638-5814-4ef6-8503-c9ef6cc25deb,2025-06-18 21:29,Indigo,Bookstore,"81828 Rebecca Rue, Lake Courtney, WI, Canada",CA,163.97,https://logo.clearbit.com/indigo.ca,https://www.chapters.indigo.ca,FALSE,0.58,FALSE,HIGH
35a38345-99fe-453a-b444-21e2c171edfd,2025-06-18 18:36,Starbucks,Coffee Shops,"070 White Wells Apt. 573, New Christinastad, OR, Canada",CA,63.02,https://logo.clearbit.com/starbucks.com,https://www.starbucks.com,FALSE,0.64,FALSE,HIGH
91a69b68-5609-4774-bf7a-30ea1fd2c7cc,2025-06-18 20:18,Apple,Technology,"0707 Brooks Stream, Ashleyshire, RI, Canada",CA,190.62,https://logo.clearbit.com/apple.com,https://www.apple.com,FALSE,0.48,FALSE,HIGH
9b31d006-3eaf-4393-8bf5-a6338bdb439a,2025-06-18 20:44,Starbucks,Coffee Shops,"2259 Rogers Flat Apt. 059, West Kellyshire, MT, Canada",CA,131.09,https://logo.clearbit.com/starbucks.com,https://www.starbucks.com,TRUE,0.25,FALSE,HIGH
aa04ba7f-59ec-454c-9365-01f301c32a99,2025-06-18 20:33,Loblaws,Grocery Store,"1737 Donald Green, South Michelle, NM, Canada",CA,406.94,https://logo.clearbit.com/loblaws.ca,https://www.loblaws.ca,FALSE,0.93,TRUE,HIGH
01157394-1569-47b8-9085-b7018034e399,2025-06-18 4:47,Apple,Technology,"32381 Zachary Mill Apt. 899, West Shirley, ME, Canada",CA,467.7,https://logo.clearbit.com/apple.com,https://www.apple.com,FALSE,0.51,TRUE,HIGH
0591edaa-c301-4012-8013-7bcb4b143694,2025-06-18 7:26,Apple,Technology,"88623 Lisa Street, Kimberlyshire, FM, Canada",CA,299.66,https://logo.clearbit.com/apple.com,https://www.apple.com,FALSE,0.44,TRUE,HIGH
b2ebfce2-ba14-421f-bcac-4fc77b9ead16,2025-06-18 11:24,Walmart,Department Store,"241 Johnson Corners, Williamshaven, KS, Canada",CA,25.31,https://logo.clearbit.com/walmart.com,https://www.walmart.com,TRUE,0.28,FALSE,HIGH
47f56df0-109c-4958-b44f-9a49724b5f64,2025-06-18 11:58,Indigo,Bookstore,"8787 Isaiah Circles, Ashleyshire, NJ, Canada",CA,269.94,https://logo.clearbit.com/indigo.ca,https://www.chapters.indigo.ca,TRUE,0.78,TRUE,HIGH
139deb51-ec76-4901-a735-6a4b524847cb,2025-06-18 10:33,Tim Hortons,Coffee Shops,"00460 Alexander Highway Apt. 313, Michaelmouth, OK, Canada",CA,488.53,https://logo.clearbit.com/timhortons.ca,https://www.timhortons.ca,FALSE,0.28,TRUE,HIGH
547a74ac-2b9a-4ea6-8116-879bc3645c02,2025-06-18 21:28,Best Buy,Electronics,"455 Noble Valley, Lake Jillmouth, MP, Canada",CA,105.55,https://logo.clearbit.com/bestbuy.ca,https://www.bestbuy.ca,TRUE,0.95,FALSE,HIGH
beb317e0-410f-4700-9e1c-bfa243328724,2025-06-18 12:37,Amazon,Online Retail,"536 Antonio Harbors, Carolynbury, OR, Canada",CA,52.36,https://logo.clearbit.com/amazon.com,https://www.amazon.com,FALSE,0.22,FALSE,HIGH
936d1398-9eaa-47a4-986b-29ff1ccd1c11,2025-06-18 23:30,Best Buy,Electronics,"7186 Tapia Drive Suite 244, Brownview, OK, Canada",CA,16.4,https://logo.clearbit.com/bestbuy.ca,https://www.bestbuy.ca,FALSE,0.21,FALSE,HIGH
79c4fb03-609e-438c-8d45-a02dbe4e9d6f,2025-06-18 18:34,Apple,Technology,"10187 Osborne Fort Apt. 257, Lake Justinport, IN, Canada",CA,221.14,https://logo.clearbit.com/apple.com,https://www.apple.com,FALSE,0.32,FALSE,HIGH
35a34aa6-1339-43c6-bd46-fb2ad7e9b11e,2025-06-18 7:25,Best Buy,Electronics,"81275 Priscilla Mountains Apt. 034, Port Steven, ID, Canada",CA,107.53,https://logo.clearbit.com/bestbuy.ca,https://www.bestbuy.ca,FALSE,0.35,FALSE,HIGH
2c344d4c-242f-4e78-ace4-66b679ec69b6,2025-06-18 18:33,Uber,Transportation,"2214 Martin Way, Muellermouth, SD, Canada",CA,125.82,https://logo.clearbit.com/uber.com,https://www.uber.com,TRUE,0.45,FALSE,HIGH
da325424-6131-4686-990c-6a5109a6ea21,2025-06-18 16:01,Starbucks,Coffee Shops,"4862 Diaz Lakes, South Steven, IN, Canada",CA,50.73,https://logo.clearbit.com/starbucks.com,https://www.starbucks.com,TRUE,0.25,FALSE,HIGH
94cc7571-2c66-4667-b622-8799ce473baa,2025-06-18 9:21,Starbucks,Coffee Shops,"743 Gina Trail, East Davidton, SD, Canada",CA,118.4,https://logo.clearbit.com/starbucks.com,https://www.starbucks.com,FALSE,0.17,FALSE,HIGH
d17ccbf9-c457-43ba-bc0c-25ce9d70e2fd,2025-06-18 1:44,Amazon,Online Retail,"98844 Steve Ports Suite 236, Port Melissashire, PW, Canada",CA,119.75,https://logo.clearbit.com/amazon.com,https://www.amazon.com,TRUE,0.62,FALSE,HIGH
b41a62f5-9ed5-4e7b-b67f-13de43e1452b,2025-06-18 10:17,Uber,Transportation,"454 Dawson Knoll Suite 812, Hardyville, NM, Canada",CA,329.04,https://logo.clearbit.com/uber.com,https://www.uber.com,TRUE,0.29,TRUE,HIGH
adeee5e7-44ce-4792-94b2-eb6c19842a62,2025-06-18 10:06,Amazon,Online Retail,"50228 Benjamin Trail, Erinmouth, OR, Canada",CA,138.18,https://logo.clearbit.com/amazon.com,https://www.amazon.com,TRUE,0.53,FALSE,HIGH
ddb728e1-a1d2-4ac2-b09d-3a891cbfee30,2025-06-18 16:30,Starbucks,Coffee Shops,"27839 Carrillo Prairie Apt. 151, North Devintown, NM, Canada",CA,269.16,https://logo.clearbit.com/starbucks.com,https://www.starbucks.com,TRUE,0.25,TRUE,HIGH
9c556f68-619e-4e3b-a598-f8c4a3e2c62b,2025-06-18 0:27,Walmart,Department Store,"43486 Mata Village, Jayfort, CA, Canada",CA,166.11,https://logo.clearbit.com/walmart.com,https://www.walmart.com,TRUE,0.77,FALSE,HIGH
367f579c-3a44-496c-9f46-6361e22892c8,2025-06-18 18:43,Indigo,Bookstore,"3105 Adam Port Apt. 187, North Elizabeth, OK, Canada",CA,407.59,https://logo.clearbit.com/indigo.ca,https://www.chapters.indigo.ca,TRUE,0.39,TRUE,HIGH
5e2b9b6c-658f-4776-a0da-93add107dff6,2025-06-18 15:25,Loblaws,Grocery Store,"485 Patricia Trafficway, Lake Hannah, TN, Canada",CA,431.54,https://logo.clearbit.com/loblaws.ca,https://www.loblaws.ca,FALSE,0.57,TRUE,HIGH
0c81830f-105e-47f3-8b73-6d124106b255,2025-06-18 4:52,Netflix,Streaming Services,"082 Stephens Brook Apt. 907, East Anthony, SD, Canada",CA,233.89,https://logo.clearbit.com/netflix.com,https://www.netflix.com,FALSE,0.18,FALSE,HIGH
de8e9d26-c690-4b71-87c8-cdceec5606ab,2025-06-18 10:41,Amazon,Online Retail,"18945 John Row, Ashleyton, DC, Canada",CA,358.15,https://logo.clearbit.com/amazon.com,https://www.amazon.com,TRUE,0.64,TRUE,HIGH
fc0e19b9-f89a-4212-9b03-42b8c9598530,2025-06-18 11:23,Netflix,Streaming Services,"880 Shields Rapids, Sheilamouth, MA, Canada",CA,233.08,https://logo.clearbit.com/netflix.com,https://www.netflix.com,FALSE,0.68,FALSE,HIGH
181f50f1-26bb-48f4-8d94-6717e4af3a3b,2025-06-18 8:02,Apple,Technology,"5049 Thompson Gateway, Gutierrezport, TX, Canada",CA,481.24,https://logo.clearbit.com/apple.com,https://www.apple.com,FALSE,0.79,TRUE,HIGH
21cd8c01-6655-4ac7-bc3b-63f04fff8b08,2025-06-18 9:42,Uber,Transportation,"86518 Keith Spurs Apt. 043, Kathymouth, PW, Canada",CA,360.59,https://logo.clearbit.com/uber.com,https://www.uber.com,FALSE,0.75,TRUE,HIGH
adaabb09-e875-4605-aa8c-e1341d140b70,2025-06-18 18:51,Apple,Technology,"8869 Patel Mission, Christineland, AR, Canada",CA,67.49,https://logo.clearbit.com/apple.com,https://www.apple.com,TRUE,0.21,FALSE,HIGH
a784ffb0-86b6-4859-9085-33d554b41748,2025-06-18 6:29,Best Buy,Electronics,"316 Kelly Skyway Apt. 437, West Scottport, AZ, Canada",CA,194.37,https://logo.clearbit.com/bestbuy.ca,https://www.bestbuy.ca,FALSE,0.37,FALSE,HIGH
652a2fcd-fea8-46f8-8d1e-c7f850594ad5,2025-06-18 21:39,Starbucks,Coffee Shops,"27357 Donald Loaf, Branchland, FL, Canada",CA,227.72,https://logo.clearbit.com/starbucks.com,https://www.starbucks.com,TRUE,0.65,FALSE,HIGH
c8d5e487-eeef-4b72-8887-44c4a8e4ef62,2025-06-18 4:02,Netflix,Streaming Services,"85789 French Crescent, Jimport, HI, Canada",CA,201.2,https://logo.clearbit.com/netflix.com,https://www.netflix.com,TRUE,0.02,FALSE,HIGH
4936f902-6e8d-468c-a3b5-a894aed1b215,2025-06-18 18:59,Loblaws,Grocery Store,"0098 Nancy Isle Suite 836, Lake Stephanietown, ID, Canada",CA,452.31,https://logo.clearbit.com/loblaws.ca,https://www.loblaws.ca,FALSE,0.49,TRUE,HIGH
a757aaf5-e653-4345-aae6-2ce000380104,2025-06-18 3:48,Apple,Technology,"0074 Garcia Harbors, East Monica, AZ, Canada",CA,69.55,https://logo.clearbit.com/apple.com,https://www.apple.com,TRUE,0.25,FALSE,HIGH
31f7141d-6fb0-4f8d-a5fc-997ea57d825b,2025-06-18 20:44,Starbucks,Coffee Shops,"917 Snow Haven Apt. 687, Lake Jessicafurt, IA, Canada",CA,449.03,https://logo.clearbit.com/starbucks.com,https://www.starbucks.com,TRUE,0.3,TRUE,HIGH
eabc5db7-ca22-4433-b775-8e93a1aef496,2025-06-18 19:38,Indigo,Bookstore,"22339 David Port, North Stevenville, IL, Canada",CA,278.05,https://logo.clearbit.com/indigo.ca,https://www.chapters.indigo.ca,TRUE,0.93,TRUE,HIGH
8c39008b-137a-4450-af92-80e3d2b08c18,2025-06-18 16:40,Indigo,Bookstore,"7657 Cruz Wall Suite 760, Davidhaven, TN, Canada",CA,138.46,https://logo.clearbit.com/indigo.ca,https://www.chapters.indigo.ca,TRUE,0.51,FALSE,HIGH
f1c4430a-0b7d-400d-8c0e-5bac00c906b4,2025-06-18 14:51,Indigo,Bookstore,"296 Rivera Islands Apt. 175, West Ashleyside, NC, Canada",CA,188.78,https://logo.clearbit.com/indigo.ca,https://www.chapters.indigo.ca,FALSE,0.4,FALSE,HIGH
9a804d84-66af-40b3-a171-c257c6aea956,2025-06-18 9:34,Apple,Technology,"6390 Francis Way Apt. 430, North Amy, ID, Canada",CA,219.54,https://logo.clearbit.com/apple.com,https://www.apple.com,TRUE,0.67,FALSE,HIGH
510dd404-1183-4707-b93b-0d92fc893f2b,2025-06-18 13:36,Starbucks,Coffee Shops,"5245 Ashley Cove Suite 143, Franklinview, MI, Canada",CA,466.81,https://logo.clearbit.com/starbucks.com,https://www.starbucks.com,FALSE,0.33,TRUE,HIGH
77cdf95f-3113-42ea-aea7-a43d2b1f33c4,2025-06-18 22:03,Starbucks,Coffee Shops,"68517 Lee Orchard Apt. 102, Liton, TX, Canada",CA,101.27,https://logo.clearbit.com/starbucks.com,https://www.starbucks.com,TRUE,0.42,FALSE,HIGH
864f1911-0f26-4210-b184-87e5476440ef,2025-06-18 12:42,Loblaws,Grocery Store,"4622 Clifford Junction, Russellbury, PA, Canada",CA,5.28,https://logo.clearbit.com/loblaws.ca,https://www.loblaws.ca,TRUE,0.16,FALSE,HIGH
a9f97d7c-e45d-47fb-8fb4-a0d130bae803,2025-06-18 22:53,Walmart,Department Store,"82432 Anderson Garden Apt. 403, Lake Troymouth, PR, Canada",CA,136.43,https://logo.clearbit.com/walmart.com,https://www.walmart.com,FALSE,0.79,FALSE,HIGH
c114a35f-d4cf-49c2-b46f-0b44664406ca,2025-06-18 5:42,Loblaws,Grocery Store,"427 Marisa Cliff, Brianville, IL, Canada",CA,116.97,https://logo.clearbit.com/loblaws.ca,https://www.loblaws.ca,TRUE,0.43,FALSE,HIGH
3cb00832-319c-47b2-81fc-6acf3df77798,2025-06-18 2:04,Netflix,Streaming Services,"7142 Kristine Corners Suite 220, Gatesmouth, PA, Canada",CA,57.72,https://logo.clearbit.com/netflix.com,https://www.netflix.com,TRUE,0.56,FALSE,HIGH
c552282c-232b-4246-9d3d-47121aca0951,2025-06-18 17:24,Loblaws,Grocery Store,"443 King Forge, Adamsview, IL, Canada",CA,440.97,https://logo.clearbit.com/loblaws.ca,https://www.loblaws.ca,TRUE,0.46,TRUE,HIGH
4d673b50-0f7e-4675-b4da-1b31edd303c9,2025-06-18 22:17,Starbucks,Coffee Shops,"142 Hannah Station Apt. 072, South Raymond, NY, Canada",CA,463.4,https://logo.clearbit.com/starbucks.com,https://www.starbucks.com,FALSE,0.41,TRUE,HIGH
df1aec6c-e830-4006-83fd-2a9216976df3,2025-06-18 8:54,Loblaws,Grocery Store,"00900 Lewis Dam, Wyattchester, SD, Canada",CA,85.41,https://logo.clearbit.com/loblaws.ca,https://www.loblaws.ca,FALSE,0.95,FALSE,HIGH
3e62d232-bc26-4de3-9ccf-acd1fe561259,2025-06-18 5:25,Apple,Technology,"9596 Mccormick Bridge Apt. 337, Ericshire, MP, Canada",CA,440.16,https://logo.clearbit.com/apple.com,https://www.apple.com,FALSE,0.93,TRUE,HIGH
8722100e-182d-42bb-b79a-6de83e88972f,2025-06-18 6:51,Best Buy,Electronics,"421 Anne Ferry Apt. 514, Michaelshire, SC, Canada",CA,296.27,https://logo.clearbit.com/bestbuy.ca,https://www.bestbuy.ca,FALSE,0.43,TRUE,HIGH
08c2f978-b1c8-4d91-9cc0-4f97590324b1,2025-06-18 17:57,Loblaws,Grocery Store,"2376 Williams Cliff, Douglaschester, ME, Canada",CA,146.8,https://logo.clearbit.com/loblaws.ca,https://www.loblaws.ca,TRUE,0.34,FALSE,HIGH
5fb7ca38-7203-4c83-ad3d-016d7665ee63,2025-06-18 0:36,Amazon,Online Retail,"6105 Sharon Hills Suite 180, Bergfurt, GA, Canada",CA,494.15,https://logo.clearbit.com/amazon.com,https://www.amazon.com,TRUE,0.82,TRUE,HIGH
51b216e5-24d8-491b-afa5-67d8d23518bb,2025-06-18 19:37,Apple,Technology,"34408 Heather Freeway Apt. 838, North Randallborough, KY, Canada",CA,58.23,https://logo.clearbit.com/apple.com,https://www.apple.com,FALSE,0.62,FALSE,HIGH
91ffc9f5-1be3-4b0d-ade5-503d66ea96f7,2025-06-18 11:38,Indigo,Bookstore,"37793 Christopher Spring, East Sarah, AK, Canada",CA,40.48,https://logo.clearbit.com/indigo.ca,https://www.chapters.indigo.ca,FALSE,0.14,FALSE,HIGH
72320cda-8ae4-4336-8e24-5341feb68036,2025-06-18 14:40,Netflix,Streaming Services,"3871 Gentry Island, Jenniferport, NE, Canada",CA,150.36,https://logo.clearbit.com/netflix.com,https://www.netflix.com,FALSE,0.42,FALSE,HIGH
b8e1a204-0b5b-400b-82e0-58d6f957a79a,2025-06-18 11:25,Loblaws,Grocery Store,"808 Justin Station, East Maryburgh, DE, Canada",CA,124.14,https://logo.clearbit.com/loblaws.ca,https://www.loblaws.ca,TRUE,0.7,FALSE,HIGH
4b805461-3cae-4ceb-928b-76ae43eb26c5,2025-06-18 0:31,Best Buy,Electronics,"290 Luis Isle Apt. 864, South Scott, WI, Canada",CA,207.89,https://logo.clearbit.com/bestbuy.ca,https://www.bestbuy.ca,FALSE,0.94,FALSE,HIGH
c03b439b-1d7e-47c4-8076-f0b77841be6a,2025-06-18 4:03,Loblaws,Grocery Store,"99417 Clark Walks, West Soniatown, MN, Canada",CA,448.32,https://logo.clearbit.com/loblaws.ca,https://www.loblaws.ca,TRUE,0.36,TRUE,HIGH
11839f41-2db0-4219-8050-964c61467b2a,2025-06-18 11:53,Best Buy,Electronics,"841 Elizabeth Burgs, Morrismouth, AL, Canada",CA,99.79,https://logo.clearbit.com/bestbuy.ca,https://www.bestbuy.ca,TRUE,0.05,FALSE,HIGH
933af4c7-d61e-40fb-84cb-3895f10a178a,2025-06-18 20:09,Netflix,Streaming Services,"84677 Jesse Parks Suite 679, Williamstown, OH, Canada",CA,197.83,https://logo.clearbit.com/netflix.com,https://www.netflix.com,FALSE,0.46,FALSE,HIGH
69ac4342-6282-4fc8-ad5f-24633c17da56,2025-06-18 3:40,Starbucks,Coffee Shops,"0240 Edwards Circles, Littleview, PR, Canada",CA,477.37,https://logo.clearbit.com/starbucks.com,https://www.starbucks.com,FALSE,0.09,TRUE,HIGH
1e552f2a-a46f-4d47-b278-7c56a3e0a462,2025-06-18 14:21,Tim Hortons,Coffee Shops,"209 Fields Row, New Joseph, OK, Canada",CA,341.78,https://logo.clearbit.com/timhortons.ca,https://www.timhortons.ca,FALSE,0.53,TRUE,HIGH
1fb4ff31-2f60-4ed1-a0ab-f81fbb4dfb41,2025-06-18 2:15,Indigo,Bookstore,"8727 Christine Wells, East Courtney, MA, Canada",CA,496.85,https://logo.clearbit.com/indigo.ca,https://www.chapters.indigo.ca,TRUE,0.43,TRUE,HIGH
fde1e55c-0bc3-4db7-bd3e-283126300348,2025-06-18 1:32,Walmart,Department Store,"40939 Wade Flat, Katieport, ND, Canada",CA,230.2,https://logo.clearbit.com/walmart.com,https://www.walmart.com,FALSE,0.54,FALSE,HIGH
eeb373ef-b126-439a-8caa-1b60051e830e,2025-06-18 6:11,Best Buy,Electronics,"62016 Lee Groves Apt. 142, West Raymondborough, KS, Canada",CA,464.88,https://logo.clearbit.com/bestbuy.ca,https://www.bestbuy.ca,TRUE,0.92,TRUE,HIGH
eb336831-6018-4381-ba5e-07265a2c0b0c,2025-06-18 3:06,Walmart,Department Store,"434 Villa Corner, North Tannerview, FM, Canada",CA,409.28,https://logo.clearbit.com/walmart.com,https://www.walmart.com,FALSE,0.39,TRUE,HIGH
01cf3966-5783-471f-b954-4045b66599d9,2025-06-18 16:07,Tim Hortons,Coffee Shops,"12502 Christopher Cape, West Kathleenburgh, PW, Canada",CA,92.73,https://logo.clearbit.com/timhortons.ca,https://www.timhortons.ca,TRUE,0.01,FALSE,HIGH
f1219109-5b24-4d6c-b87b-5819e9f76b40,2025-06-18 19:44,Walmart,Department Store,"50796 Williamson Via Suite 842, North Deborahport, CO, Canada",CA,54.23,https://logo.clearbit.com/walmart.com,https://www.walmart.com,FALSE,0.17,FALSE,HIGH
97532d12-42aa-47fd-8401-5e1483e79d35,2025-06-18 2:57,Netflix,Streaming Services,"46073 Jackson Squares Suite 159, Genemouth, WA, Canada",CA,337.55,https://logo.clearbit.com/netflix.com,https://www.netflix.com,FALSE,0.16,TRUE,HIGH
0b5db03c-af54-478a-a9a6-6e6020cb6b50,2025-06-18 4:10,Indigo,Bookstore,"6535 Laurie Row, South Kendra, WV, Canada",CA,235.32,https://logo.clearbit.com/indigo.ca,https://www.chapters.indigo.ca,TRUE,0.48,FALSE,HIGH
fad0a078-42ee-49a9-8090-9935be8ebd07,2025-06-18 20:10,Indigo,Bookstore,"46118 Fox Field, Thomasburgh, SD, Canada",CA,101.11,https://logo.clearbit.com/indigo.ca,https://www.chapters.indigo.ca,FALSE,0.03,FALSE,HIGH
9d4c993e-d78d-4a2a-a9e3-bdf16afc79e3,2025-06-18 12:05,Best Buy,Electronics,"338 Justin Station Apt. 716, East Jamesbury, AR, Canada",CA,397.37,https://logo.clearbit.com/bestbuy.ca,https://www.bestbuy.ca,FALSE,0.1,TRUE,HIGH
8faab5aa-9b51-46fc-9a85-92cdf2d7af4c,2025-06-18 1:06,Apple,Technology,"51102 Weber Ports Suite 533, New Christineberg, ID, Canada",CA,280.94,https://logo.clearbit.com/apple.com,https://www.apple.com,FALSE,0.39,TRUE,HIGH
49c90590-98d6-416c-8108-bc2582683105,2025-06-18 9:30,Loblaws,Grocery Store,"0626 Paul Haven Apt. 514, Lisafort, NE, Canada",CA,6.84,https://logo.clearbit.com/loblaws.ca,https://www.loblaws.ca,FALSE,0.02,FALSE,HIGH
e1a6e14b-e173-4fe9-8077-317b5fa67244,2025-06-18 14:41,Walmart,Department Store,"2023 Hunter Ford, Murrayville, GA, Canada",CA,484.94,https://logo.clearbit.com/walmart.com,https://www.walmart.com,FALSE,0.09,TRUE,HIGH
dac28dfe-f083-4a58-a84a-84124146135f,2025-06-18 10:39,Starbucks,Coffee Shops,"073 Haynes Manors Apt. 316, East Elizabethtown, WA, Canada",CA,349.47,https://logo.clearbit.com/starbucks.com,https://www.starbucks.com,FALSE,1,TRUE,HIGH
a923c58a-bd57-4d2a-b00b-7807e9206fab,2025-06-18 1:15,Indigo,Bookstore,"86785 Susan Springs, South Rebeccafurt, NC, Canada",CA,185.07,https://logo.clearbit.com/indigo.ca,https://www.chapters.indigo.ca,FALSE,0.31,FALSE,HIGH
aeb5fa44-017d-4161-92f8-41e6a1e6304a,2025-06-18 13:03,Netflix,Streaming Services,"5715 Houston Springs, Millerchester, MT, Canada",CA,206.4,https://logo.clearbit.com/netflix.com,https://www.netflix.com,TRUE,0.98,FALSE,HIGH
14e2b276-f506-4c61-9ba8-55364a80c6b0,2025-06-18 5:46,Indigo,Bookstore,"3224 Velazquez Pass Apt. 569, Jonesberg, CO, Canada",CA,303.44,https://logo.clearbit.com/indigo.ca,https://www.chapters.indigo.ca,TRUE,0.36,TRUE,HIGH
67f8d1b1-53bd-4aa0-be81-4860c81a20ad,2025-06-18 17:45,Amazon,Online Retail,"748 Riley Plaza Suite 879, Stevensonland, OK, Canada",CA,487.45,https://logo.clearbit.com/amazon.com,https://www.amazon.com,FALSE,0.32,TRUE,HIGH
9dcc5aaa-734c-4f7e-a573-035d2712d6ea,2025-06-18 11:47,Amazon,Online Retail,"52704 Paul Wells, East Kathleen, GU, Canada",CA,95.4,https://logo.clearbit.com/amazon.com,https://www.amazon.com,TRUE,0.58,FALSE,HIGH
788f9586-85bb-44dd-a9e2-837224f3f0de,2025-06-18 4:26,Amazon,Online Retail,"4230 Dennis Haven, Willistown, DE, Canada",CA,119.6,https://logo.clearbit.com/amazon.com,https://www.amazon.com,FALSE,0.31,FALSE,HIGH
5bd49b8c-d401-43f3-b84e-4c8166b0015f,2025-06-18 10:01,Indigo,Bookstore,"91986 Steven Springs, Port Alexandriastad, IN, Canada",CA,378.65,https://logo.clearbit.com/indigo.ca,https://www.chapters.indigo.ca,TRUE,0.81,TRUE,HIGH
9f9169a6-7dfa-42a1-93fd-dab23810ad59,2025-06-18 23:53,Indigo,Bookstore,"2230 Lopez Mall, Harrisstad, NM, Canada",CA,467.93,https://logo.clearbit.com/indigo.ca,https://www.chapters.indigo.ca,FALSE,0.91,TRUE,HIGH
5c02d003-6bfb-465f-99e4-377557146d1a,2025-06-18 14:40,Netflix,Streaming Services,"429 Mcbride Alley Suite 003, South James, IL, Canada",CA,54.72,https://logo.clearbit.com/netflix.com,https://www.netflix.com,FALSE,0.75,FALSE,HIGH
cf5f710e-c292-4580-b7f8-06d07da0bb51,2025-06-18 19:45,Apple,Technology,"9472 Debra Estate, Lynnmouth, OR, Canada",CA,26.05,https://logo.clearbit.com/apple.com,https://www.apple.com,FALSE,0.41,FALSE,HIGH
c493c2ab-72c1-4549-a0b1-6e89e5a4f8b1,2025-06-18 11:12,Walmart,Department Store,"071 Jacqueline Trail Suite 524, Lauraland, NY, Canada",CA,237.81,https://logo.clearbit.com/walmart.com,https://www.walmart.com,TRUE,0.17,FALSE,HIGH
809eb238-0f38-4fa1-8364-e8fdacd60572,2025-06-18 1:12,Indigo,Bookstore,"1657 Combs Dam, East Jacqueline, AS, Canada",CA,438.16,https://logo.clearbit.com/indigo.ca,https://www.chapters.indigo.ca,TRUE,0.49,TRUE,HIGH
bb19582d-fbc7-4379-902a-72614b4fca78,2025-06-18 18:17,Loblaws,Grocery Store,"549 Pamela Curve, Annaview, OR, Canada",CA,34.39,https://logo.clearbit.com/loblaws.ca,https://www.loblaws.ca,TRUE,0.61,FALSE,HIGH
52c21afd-879c-421c-9b7b-af3b51cf8861,2025-06-18 10:46,Best Buy,Electronics,"457 Bass Lodge, Jonesbury, PW, Canada",CA,100.27,https://logo.clearbit.com/bestbuy.ca,https://www.bestbuy.ca,FALSE,0.34,FALSE,HIGH
0d0d1e83-7bdd-4a50-b6db-2360df908bf9,2025-06-18 9:44,Netflix,Streaming Services,"360 Beth Haven Apt. 270, Reyesside, WI, Canada",CA,138.33,https://logo.clearbit.com/netflix.com,https://www.netflix.com,TRUE,0.71,FALSE,HIGH
2a8ccf14-ebd4-4de5-8025-f1a7fb4ebac9,2025-06-18 19:09,Netflix,Streaming Services,"0878 Wanda Mill, North Elizabeth, AK, Canada",CA,325.93,https://logo.clearbit.com/netflix.com,https://www.netflix.com,FALSE,0,TRUE,HIGH
159b7361-fd27-417a-af5e-bd9a552a98aa,2025-06-18 9:25,Starbucks,Coffee Shops,"72037 Kenneth Glen Apt. 656, Smithville, OR, Canada",CA,290.42,https://logo.clearbit.com/starbucks.com,https://www.starbucks.com,TRUE,0.97,TRUE,HIGH
fd99cad6-83f7-4ed7-8d41-4ec0265c3654,2025-06-18 7:01,Loblaws,Grocery Store,"6574 Brianna Overpass, Johnsonview, MO, Canada",CA,70.56,https://logo.clearbit.com/loblaws.ca,https://www.loblaws.ca,TRUE,0.23,FALSE,HIGH
a59d9d84-adc7-4be6-a587-4f875b16d0f0,2025-06-18 17:30,Starbucks,Coffee Shops,"305 Ferguson Centers Apt. 531, New Lauren, NE, Canada",CA,482.78,https://logo.clearbit.com/starbucks.com,https://www.starbucks.com,FALSE,0.96,TRUE,HIGH
9b3bec2f-81ba-425f-90e2-308c1a121b16,2025-06-18 7:55,Starbucks,Coffee Shops,"25979 Jessica Forks Apt. 388, Sheltonmouth, MS, Canada",CA,107.36,https://logo.clearbit.com/starbucks.com,https://www.starbucks.com,FALSE,0.19,FALSE,HIGH
84ac59c6-7bae-41ca-bc9d-5ea37a72e2f8,2025-06-18 12:12,Netflix,Streaming Services,"387 Roberts Squares Apt. 081, South John, UT, Canada",CA,6.51,https://logo.clearbit.com/netflix.com,https://www.netflix.com,FALSE,0.16,FALSE,HIGH
3e626a21-01ea-4f31-a4b6-de512b92af8c,2025-06-18 22:10,Amazon,Online Retail,"8185 Jeffrey Views Apt. 178, Brownmouth, MP, Canada",CA,441.25,https://logo.clearbit.com/amazon.com,https://www.amazon.com,TRUE,0.28,TRUE,HIGH
981ef437-dc6b-4260-95f7-0fdd4e10d054,2025-06-18 17:13,Starbucks,Coffee Shops,"1928 Kathryn Well Apt. 028, Floresmouth, KY, Canada",CA,215.95,https://logo.clearbit.com/starbucks.com,https://www.starbucks.com,TRUE,0.47,FALSE,HIGH
332e751e-4920-4b15-a7c4-d765ef9fcb01,2025-06-18 22:13,Best Buy,Electronics,"3752 Ramos Hills Suite 882, Donaldchester, SD, Canada",CA,138.47,https://logo.clearbit.com/bestbuy.ca,https://www.bestbuy.ca,FALSE,0.22,FALSE,HIGH
5047428c-f395-42d1-a984-67b600d8117d,2025-06-18 18:48,Tim Hortons,Coffee Shops,"098 William Fords Apt. 934, Morriston, HI, Canada",CA,263.4,https://logo.clearbit.com/timhortons.ca,https://www.timhortons.ca,TRUE,0.27,TRUE,HIGH
a2a445e7-82d9-4047-9236-2fd4cd8c25d1,2025-06-18 11:11,Uber,Transportation,"7051 Boyer Well Suite 782, Leeside, AL, Canada",CA,478.79,https://logo.clearbit.com/uber.com,https://www.uber.com,TRUE,0.24,TRUE,HIGH
211d2abe-576b-4151-92e8-2895768e9135,2025-06-18 8:20,Netflix,Streaming Services,"42716 Elizabeth Summit, Mejiahaven, PW, Canada",CA,129.79,https://logo.clearbit.com/netflix.com,https://www.netflix.com,TRUE,0.76,FALSE,HIGH
6d3d87fa-e9c5-4b50-8140-b796bcbfab65,2025-06-18 18:19,Indigo,Bookstore,"476 Stephanie Forge Suite 038, Deniseview, NJ, Canada",CA,428.65,https://logo.clearbit.com/indigo.ca,https://www.chapters.indigo.ca,TRUE,0.63,TRUE,HIGH
3659b5cd-3f88-493f-8e84-491be6bccb76,2025-06-18 21:09,Indigo,Bookstore,"268 Ashley Ways Apt. 192, Lake Ashley, KY, Canada",CA,6.67,https://logo.clearbit.com/indigo.ca,https://www.chapters.indigo.ca,TRUE,0.33,FALSE,HIGH
0f58320d-9b33-4d5a-963d-97a2bc39d12f,2025-06-18 10:53,Best Buy,Electronics,"40035 Walker Flats, New Edward, NJ, Canada",CA,129.33,https://logo.clearbit.com/bestbuy.ca,https://www.bestbuy.ca,FALSE,0.59,FALSE,HIGH
5c8db1a0-35e4-4bca-a664-93b297355a81,2025-06-18 23:16,Amazon,Online Retail,"38935 Newton Vista Apt. 711, Lake Stevenburgh, RI, Canada",CA,173.7,https://logo.clearbit.com/amazon.com,https://www.amazon.com,TRUE,0.61,FALSE,HIGH
541a450a-3e96-4456-9e13-9fc03fc3b974,2025-06-18 11:41,Apple,Technology,"384 Williams Springs, South Dawn, MI, Canada",CA,280.36,https://logo.clearbit.com/apple.com,https://www.apple.com,TRUE,0.03,TRUE,HIGH
8cfb5502-b9d4-4522-8dfc-209e03b24632,2025-06-18 23:21,Loblaws,Grocery Store,"50487 Matthew Burgs Suite 182, South Tracy, CT, Canada",CA,90.17,https://logo.clearbit.com/loblaws.ca,https://www.loblaws.ca,TRUE,0.23,FALSE,HIGH
984751b5-d3b2-4f24-b5bf-9d490a19c98b,2025-06-18 6:55,Walmart,Department Store,"4447 Ashley Square, South Davidview, PR, Canada",CA,367.56,https://logo.clearbit.com/walmart.com,https://www.walmart.com,TRUE,0.83,TRUE,HIGH
0421c57e-ff23-48ba-9b97-f7c607cc1001,2025-06-18 13:16,Best Buy,Electronics,"4737 Johnson Trace Apt. 967, New Kylefurt, VI, Canada",CA,118.48,https://logo.clearbit.com/bestbuy.ca,https://www.bestbuy.ca,TRUE,0.27,FALSE,HIGH
ad7f4b73-9320-42cf-9822-6bfe374aa849,2025-06-18 2:01,Best Buy,Electronics,"448 Joseph Inlet Apt. 004, Port Seanchester, AZ, Canada",CA,455.12,https://logo.clearbit.com/bestbuy.ca,https://www.bestbuy.ca,TRUE,0.05,TRUE,HIGH
9c244cf8-8763-4b69-9092-65b888523ddf,2025-06-18 18:31,Tim Hortons,Coffee Shops,"906 Stevens Point Suite 360, South Keithbury, UT, Canada",CA,276.71,https://logo.clearbit.com/timhortons.ca,https://www.timhortons.ca,TRUE,0.04,TRUE,HIGH
b6242936-360c-47e5-aa0c-061bd88c1c59,2025-06-18 23:08,Walmart,Department Store,"26134 Jacqueline Ways Suite 312, Port Kelli, AR, Canada",CA,391.12,https://logo.clearbit.com/walmart.com,https://www.walmart.com,TRUE,0.86,TRUE,HIGH
588bd010-a6bb-4fbc-b740-6e6c11b529ac,2025-06-18 19:06,Uber,Transportation,"286 Steven Shores, West Angelaland, IA, Canada",CA,45.13,https://logo.clearbit.com/uber.com,https://www.uber.com,TRUE,0.48,FALSE,HIGH
