transaction_id,timestamp,customer_id,merchant_name,amount,mcc_code,location
TX00001,2025-06-15 14:03:57,CUST754,"ABT*RODRIGUEZ, LAKE CURTIS",372.07,5812,Toronto
TX00002,2025-06-15 11:14:41,CUST242,"APL*MCCLAIN, M NORTH JEFFERYHAVEN",339.97,5945,New York
TX00003,2025-06-15 13:49:10,CUST704,"UBR*JOHNSON, G ROBINSONSHIRE",19.75,5812,Toronto
TX00004,2025-06-15 14:00:37,CUST617,LYF*PACHECO-SM LAKE ROBERTO,282.82,5732,Chicago
TX00005,2025-06-14 23:42:08,CUST818,LYF*MOORE-BERN CURTISFURT,114.12,5945,San Francisco
TX00006,2025-06-14 11:20:57,CUST928,ABT*HOWARD LLC LINDSAYMOUTH,403.88,5732,Vancouver
TX00007,2025-06-15 09:18:56,CUST448,"GOOGL*MARTINEZ,  MARIASTAD",111.58,5912,New York
TX00008,2025-06-15 11:27:19,CUST194,"UBR*LEE, JONES TRACIEBURY",182.69,5912,Montreal
TX00009,2025-06-14 12:24:28,CUST370,ABT*JAMES GROU FRANCISCOSTAD,232.42,5411,Vancouver
TX00010,2025-06-15 04:18:08,CUST180,LYF*SANTIAGO L NEW CYNTHIASIDE,415.56,5945,San Francisco
TX00011,2025-06-14 13:19:26,CUST691,"AMZ*SANCHEZ, F LAKE MARK",39.43,5732,Toronto
TX00012,2025-06-15 12:04:17,CUST891,GOOGL*PEREZ INC RICHARDLAND,428.38,5411,Vancouver
TX00013,2025-06-14 15:49:55,CUST384,UBR*GENTRY PLC JASONFORT,417.88,5812,San Francisco
TX00014,2025-06-14 14:34:34,CUST463,AMZ*WILKERSON- WEST DONALD,137.15,5732,Chicago
TX00015,2025-06-14 15:51:28,CUST173,"LYF*HOFFMAN, B COXBERG",89.71,5732,Toronto
TX00016,2025-06-15 01:09:40,CUST267,"UBR*SNYDER, CA LAKE ERNEST",138.62,5732,Chicago
TX00017,2025-06-14 14:03:02,CUST670,"AMZ*HENDERSON, RICESIDE",165.52,5411,Toronto
TX00018,2025-06-15 03:29:28,CUST941,ABT*FRAZIER IN KAYLAMOUTH,203.58,5411,Toronto
TX00019,2025-06-15 03:31:10,CUST680,APL*CARTER AND SMITHVIEW,110.25,5999,Vancouver
TX00020,2025-06-15 09:46:29,CUST758,"UBR*GILL, ROME MEAGANHAVEN",136.12,5812,Chicago
TX00021,2025-06-15 05:24:37,CUST674,"LYF*GONZALEZ,  NEW MARIOTOWN",374.77,5999,Montreal
TX00022,2025-06-15 06:59:29,CUST508,GOOGL*HICKMAN LL NORTH JOHN,498.68,5812,Montreal
TX00023,2025-06-14 11:27:34,CUST605,"ABT*ARROYO, MI PORT AMANDABERG",28.32,5411,Toronto
TX00024,2025-06-14 14:12:03,CUST742,AMZ*KELLER PLC WEST ALLISON,213.97,5411,Vancouver
TX00025,2025-06-14 21:56:07,CUST490,"LYF*HENDERSON, LAKE LARRY",266.91,5945,New York
TX00026,2025-06-15 10:48:21,CUST796,"APL*SANTOS, KI EAST JEFFREYMOUTH",342.45,5945,San Francisco
TX00027,2025-06-15 02:35:28,CUST887,APL*CHAPMAN AN NORTH CHAD,60.22,5999,Toronto
TX00028,2025-06-14 12:41:09,CUST564,"ABT*BROWN, JON CHADBURY",438.55,5912,Montreal
TX00029,2025-06-14 20:29:33,CUST880,AMZ*CALDWELL-L LAKE SELENA,456.75,5732,San Francisco
TX00030,2025-06-14 20:29:35,CUST961,"APL*JOHNSTON,  LEEVILLE",306.44,5812,San Francisco
TX00031,2025-06-14 19:20:18,CUST880,"AMZ*JORDAN, HE LAKE DENISEVILLE",476.98,5945,New York
TX00032,2025-06-14 21:11:13,CUST713,GOOGL*POWELL LLC EAST JAMESSIDE,14.64,5912,San Francisco
TX00033,2025-06-15 06:12:24,CUST345,ABT*TAYLOR-WHI WRIGHTLAND,439.61,5411,New York
TX00034,2025-06-15 12:27:24,CUST849,UBR*MORTON-CHA NORTH DENISESIDE,489.1,5945,Toronto
TX00035,2025-06-14 21:40:19,CUST231,APL*NOVAK AND  SOUTH TODD,473.69,5812,San Francisco
TX00036,2025-06-14 23:34:14,CUST640,LYF*HANCOCK IN SOUTH AARON,482.36,5945,Chicago
TX00037,2025-06-14 13:01:08,CUST806,AMZ*BAKER-BOWE MITCHELLSIDE,159.3,5732,Chicago
TX00038,2025-06-14 20:07:56,CUST482,"UBR*HIGGINS, M NEW JILLTON",228.49,5812,Toronto
TX00039,2025-06-15 14:12:38,CUST165,"GOOGL*EDWARDS, W NORTH SUSAN",296.21,5812,Montreal
TX00040,2025-06-15 12:23:30,CUST325,ABT*YORK INC LAKE MICHELLEFURT,355.38,5411,Toronto
TX00041,2025-06-15 02:56:46,CUST169,ABT*DAVID PLC NEW BROOKE,40.07,5812,San Francisco
TX00042,2025-06-15 07:10:35,CUST785,"UBR*MILLER, SA SARAHBOROUGH",271.92,5732,Montreal
TX00043,2025-06-15 06:07:45,CUST690,"UBR*MORAN, ALL STEPHENLAND",393.39,5999,Toronto
TX00044,2025-06-14 14:59:01,CUST196,ABT*ELLIS PLC NORTH AMANDAHAVEN,218.37,5999,Vancouver
TX00045,2025-06-15 13:00:15,CUST578,APL*ANDERSON-B EAST MIKEBURGH,338.32,5732,New York
TX00046,2025-06-14 12:27:47,CUST162,UBR*BASS-WARNE LAKE LISAPORT,172.95,5411,Toronto
TX00047,2025-06-14 19:27:03,CUST296,"AMZ*GARCIA, HU LAKE ANGELAVIEW",227.06,5999,Toronto
TX00048,2025-06-15 05:52:53,CUST385,UBR*JACOBS-ROB LAKE CYNTHIA,437.87,5411,Vancouver
TX00049,2025-06-15 11:24:42,CUST927,LYF*WAGNER-KIN NORTH CYNTHIAVIEW,30.04,5945,New York
TX00050,2025-06-15 08:55:17,CUST195,AMZ*SMITH AND  EVANMOUTH,206.17,5999,Toronto
TX00051,2025-06-15 12:50:30,CUST985,"UBR*THORNTON,  NEW BARRY",86.5,5411,Vancouver
TX00052,2025-06-15 04:35:27,CUST371,UBR*AGUILAR-HE NORTH KYLE,214.39,5732,Montreal
TX00053,2025-06-14 21:15:27,CUST777,APL*NOLAN AND  LAKE CURTIS,81.62,5912,Toronto
TX00054,2025-06-14 12:11:21,CUST159,"LYF*HENSON, RU EAST MICHELLE",273.39,5732,San Francisco
TX00055,2025-06-14 17:42:26,CUST158,ABT*KEITH INC LAKE SANDRA,241.01,5945,Toronto
TX00056,2025-06-15 12:03:35,CUST158,LYF*PHAM-SHIEL WEST ERIK,426.41,5411,Montreal
TX00057,2025-06-15 06:24:47,CUST169,"APL*RODRIGUEZ, EAST LISA",204.87,5945,Toronto
TX00058,2025-06-15 13:31:46,CUST692,LYF*BAILEY-HOO EAST ANDREW,311.59,5999,Chicago
TX00059,2025-06-14 19:56:33,CUST697,LYF*ROSS LLC PORT JOSHUAHAVEN,161.6,5912,Toronto
TX00060,2025-06-15 03:32:15,CUST785,APL*FRAZIER-AN SHEILAVILLE,123.15,5999,Toronto
TX00061,2025-06-15 04:03:14,CUST787,APL*WHITE-ESTE BENJAMINCHESTER,231.33,5411,New York
TX00062,2025-06-14 18:28:43,CUST569,LYF*CHANDLER-E SOUTH RACHELBOROUGH,498.07,5411,Montreal
TX00063,2025-06-15 05:19:15,CUST318,LYF*WILLIAMS-G WEST RYAN,70.57,5912,New York
TX00064,2025-06-15 04:36:02,CUST350,"GOOGL*MCCALL, HA LAKE RACHELHAVEN",83.08,5945,Chicago
TX00065,2025-06-14 15:09:58,CUST409,LYF*ESTRADA-NG ANGELABOROUGH,266.83,5732,Montreal
TX00066,2025-06-15 11:12:18,CUST406,APL*ORTEGA-GRA NEW ASHLEY,469.77,5812,San Francisco
TX00067,2025-06-14 11:56:45,CUST218,ABT*KELLEY-SMI JASONSHIRE,278.85,5912,San Francisco
TX00068,2025-06-14 12:50:57,CUST719,"AMZ*PENA, MARS NEW THOMAS",174.73,5732,Chicago
TX00069,2025-06-14 20:34:31,CUST973,"GOOGL*JACKSON, M CLARENCEBURY",246.82,5411,New York
TX00070,2025-06-15 04:54:10,CUST749,"UBR*COLLINS, D EAST TRACEYLAND",26.82,5912,Toronto
TX00071,2025-06-15 09:05:37,CUST752,GOOGL*PERRY-SOTO LAKE HEATHER,371.91,5945,Chicago
TX00072,2025-06-15 14:37:28,CUST537,LYF*ROSS-HERNA PORT MICHELLEVILLE,60.38,5732,Toronto
TX00073,2025-06-15 01:32:02,CUST658,ABT*ROBINSON-B WILLIAMSBURY,293.34,5812,Vancouver
TX00074,2025-06-15 03:45:11,CUST230,ABT*BRYANT GRO STEPHANIEMOUTH,185.5,5411,San Francisco
TX00075,2025-06-15 05:53:29,CUST315,"APL*BRIGGS, MC MERRITTFORT",335.13,5912,Montreal
TX00076,2025-06-14 16:22:44,CUST995,UBR*GREEN-WRIG KATIEHAVEN,375.99,5812,Toronto
TX00077,2025-06-14 23:57:55,CUST919,AMZ*SIMS-HILL LAKE JUSTINVIEW,17.27,5732,San Francisco
TX00078,2025-06-14 14:35:09,CUST901,UBR*FLORES-FER EAST JESSE,432.71,5812,San Francisco
TX00079,2025-06-15 11:02:27,CUST263,"APL*HERNANDEZ, AMYCHESTER",194.36,5411,Vancouver
TX00080,2025-06-14 22:13:03,CUST327,AMZ*CLARK GROU STEINSHIRE,178.08,5812,Toronto
TX00081,2025-06-15 07:56:42,CUST124,"APL*SMITH, GIL SMITHSTAD",202.24,5912,New York
TX00082,2025-06-15 02:11:30,CUST891,GOOGL*MOLINA-CAS MEDINASIDE,322.53,5999,Chicago
TX00083,2025-06-15 02:55:11,CUST963,"LYF*HURST, FRE JOHNSONMOUTH",469.92,5411,San Francisco
TX00084,2025-06-15 05:18:40,CUST282,"LYF*SHELTON, P CALHOUNSIDE",23.94,5945,Vancouver
TX00085,2025-06-15 03:33:21,CUST453,APL*MEADOWS PL NORTH DAWNBERG,221.01,5945,New York
TX00086,2025-06-15 08:03:21,CUST494,LYF*WHITE-GREE JASONMOUTH,131.09,5732,Vancouver
TX00087,2025-06-14 19:22:20,CUST101,LYF*JUAREZ-GRA KINGLAND,344.99,5732,Chicago
TX00088,2025-06-15 01:42:56,CUST786,AMZ*SMITH-RYAN JEFFREYLAND,218.49,5732,San Francisco
TX00089,2025-06-14 14:49:24,CUST738,"GOOGL*WILLIAMS,  NEW ELIJAHBERG",424.77,5732,San Francisco
TX00090,2025-06-14 14:41:45,CUST619,GOOGL*CALDWELL-E SOUTH HOLLY,207.15,5999,Chicago
TX00091,2025-06-15 10:20:32,CUST402,LYF*JACKSON-LA PORT LORIPORT,99.96,5732,Vancouver
TX00092,2025-06-15 08:38:25,CUST793,APL*LANE LLC SANDERSBOROUGH,309.68,5912,Vancouver
TX00093,2025-06-15 03:54:46,CUST661,ABT*VARGAS LTD NORTH HEIDI,147.02,5999,Montreal
TX00094,2025-06-15 03:14:38,CUST721,APL*JEFFERSON- PORT TONYATON,235.17,5999,Chicago
TX00095,2025-06-14 21:44:54,CUST318,LYF*PATEL-STAN NEW DEBORAHTOWN,397.9,5732,Toronto
TX00096,2025-06-15 04:38:39,CUST774,ABT*SHORT-GARC CYNTHIAMOUTH,260.15,5732,Montreal
TX00097,2025-06-14 11:37:42,CUST443,"ABT*HERNANDEZ, CHRISTINASIDE",121.26,5912,Toronto
TX00098,2025-06-15 09:36:42,CUST925,AMZ*MARSHALL-P MARCUSBURY,17.09,5812,Vancouver
TX00099,2025-06-14 22:23:43,CUST725,ABT*RAMIREZ GR PORT STEVEN,210.15,5732,Montreal
TX00100,2025-06-14 13:37:23,CUST299,"APL*BARNETT, R HUNTERBOROUGH",195.07,5999,Toronto
TX00101,2025-06-14 13:56:27,CUST251,APL*SALINAS-PE ANGELAHAVEN,7.74,5411,Vancouver
TX00102,2025-06-14 13:38:21,CUST324,AMZ*MILLER LTD FREEMANBURY,261.39,5411,Montreal
TX00103,2025-06-14 22:21:26,CUST355,"ABT*ALVAREZ, J NORTH KELLYFURT",71.0,5999,Chicago
TX00104,2025-06-14 17:17:48,CUST643,"LYF*SANCHEZ, B RONALDSIDE",162.06,5999,Montreal
TX00105,2025-06-14 20:35:53,CUST934,APL*BELL-CHAVE JOHNVILLE,216.24,5945,Vancouver
TX00106,2025-06-14 21:41:39,CUST262,"APL*LEE, WILSO EAST JAVIER",227.78,5812,Chicago
TX00107,2025-06-14 21:19:58,CUST383,LYF*HILL-LAWRE TINABOROUGH,315.24,5912,Vancouver
TX00108,2025-06-15 04:34:25,CUST179,APL*PEREZ-WHIT LAKE AMANDAVIEW,121.07,5912,San Francisco
TX00109,2025-06-15 09:56:19,CUST653,ABT*MCCANN PLC HEIDIBERG,79.66,5999,Chicago
TX00110,2025-06-15 07:11:12,CUST256,"APL*ONEILL, HE TAYLORMOUTH",36.79,5999,San Francisco
TX00111,2025-06-14 23:50:19,CUST655,UBR*LOPEZ-WILL WILSONLAND,35.82,5999,Vancouver
TX00112,2025-06-14 13:39:12,CUST888,LYF*VASQUEZ-RA EAST EDWARDSHIRE,14.67,5945,Vancouver
TX00113,2025-06-15 02:10:10,CUST588,ABT*MILLER-WRI OBRIENBURY,152.81,5999,Vancouver
TX00114,2025-06-14 12:13:46,CUST651,"APL*JAMES, KER TORRESTON",275.34,5945,Toronto
TX00115,2025-06-15 05:02:21,CUST599,"AMZ*CHOI, GARC WEST DONNA",220.74,5411,Vancouver
TX00116,2025-06-14 14:14:59,CUST444,APL*ALLEN PLC EAST AARONMOUTH,400.08,5732,Toronto
TX00117,2025-06-15 10:19:47,CUST960,"UBR*WHEELER, C JACQUELINEMOUTH",490.46,5945,New York
TX00118,2025-06-14 18:25:40,CUST503,LYF*MCDANIEL L SOUTH DANNY,333.18,5411,Chicago
TX00119,2025-06-14 22:10:00,CUST538,AMZ*HOLLAND LL NORTH BRIAN,94.96,5912,Vancouver
TX00120,2025-06-14 22:25:17,CUST435,AMZ*LARSON-HOL SCOTTMOUTH,166.79,5999,San Francisco
TX00121,2025-06-15 05:47:30,CUST870,"UBR*TORRES, PO KIMTON",418.28,5999,New York
TX00122,2025-06-15 13:04:49,CUST867,LYF*NAVARRO-MU NORTH JEREMYSHIRE,499.95,5912,Toronto
TX00123,2025-06-14 15:14:49,CUST765,"ABT*SAMPSON, K BARBARABURGH",24.93,5411,Toronto
TX00124,2025-06-14 16:21:16,CUST304,ABT*STONE-RAMO HOWARDSHIRE,80.43,5812,Vancouver
TX00125,2025-06-14 18:26:35,CUST785,ABT*WALTERS-VA SOUTH MICHAELMOUTH,474.14,5999,Chicago
TX00126,2025-06-15 08:52:03,CUST362,GOOGL*SANTIAGO-H ROBERTFORT,304.92,5732,Chicago
TX00127,2025-06-15 03:39:07,CUST217,AMZ*BATES-MORA SOUTH CHRISTOPHERVIEW,58.51,5411,San Francisco
TX00128,2025-06-15 01:18:43,CUST689,APL*WILSON-BAR LAKE MOLLYMOUTH,201.34,5732,Toronto
TX00129,2025-06-14 13:49:55,CUST177,LYF*BROWN-STON GARRETTTON,416.13,5812,New York
TX00130,2025-06-14 14:03:48,CUST813,GOOGL*ADAMS AND  SAMUELFORT,302.2,5411,Montreal
TX00131,2025-06-15 02:20:07,CUST901,ABT*JOHNSON LT LAKE ERIC,268.71,5732,San Francisco
TX00132,2025-06-14 15:24:01,CUST170,"LYF*SMITH, RUS SOUTH STACEYBERG",173.91,5999,Vancouver
TX00133,2025-06-15 01:47:23,CUST208,UBR*CANTU-CART ROBERTFORT,319.61,5999,Chicago
TX00134,2025-06-15 08:33:49,CUST256,UBR*SANCHEZ-AR LEEHAVEN,368.23,5732,San Francisco
TX00135,2025-06-14 21:22:23,CUST730,"LYF*SUAREZ, SH MORGANHAVEN",235.11,5732,Montreal
TX00136,2025-06-15 06:02:18,CUST374,GOOGL*HOOVER-CAM MARYSHIRE,416.21,5411,San Francisco
TX00137,2025-06-14 11:39:09,CUST561,"AMZ*BURNS, HER MARTINSIDE",235.03,5945,Chicago
TX00138,2025-06-15 13:55:54,CUST488,GOOGL*GIBSON-MOR LAKE JOHN,249.68,5912,Toronto
TX00139,2025-06-15 02:03:28,CUST599,AMZ*HALL-ROWE WEST JULIEFURT,399.93,5912,San Francisco
TX00140,2025-06-15 04:55:04,CUST710,APL*MCNEIL-SPA SOUTH TAMMIE,280.12,5945,Toronto
TX00141,2025-06-14 12:45:34,CUST187,AMZ*SHAW PLC MOLLYMOUTH,206.18,5945,Toronto
TX00142,2025-06-14 15:27:36,CUST807,UBR*FOX GROUP LAKE DOUGLASBERG,357.36,5999,New York
TX00143,2025-06-15 06:54:30,CUST195,GOOGL*HARRISON L CINDYFURT,205.18,5812,San Francisco
TX00144,2025-06-15 01:32:27,CUST779,"LYF*MILLER, MU FINLEYFORT",239.26,5945,San Francisco
TX00145,2025-06-14 18:56:15,CUST535,"APL*JOHNSON, J WENDYLAND",168.74,5732,Vancouver
TX00146,2025-06-15 05:49:24,CUST377,GOOGL*GOOD-HODGE SOUTH GARRETTPORT,119.12,5732,Toronto
TX00147,2025-06-14 11:55:45,CUST423,ABT*WILLIAMS I MICHAELCHESTER,270.25,5732,Toronto
TX00148,2025-06-14 12:05:05,CUST296,AMZ*SANCHEZ GR EAST GREGORY,244.68,5732,Montreal
TX00149,2025-06-14 17:14:53,CUST878,"LYF*PITTS, HAR EAST STEVEN",145.08,5411,Toronto
TX00150,2025-06-15 01:50:14,CUST403,AMZ*STEVENS-ES SANTANASIDE,93.82,5411,Chicago
TX00151,2025-06-15 04:59:21,CUST646,AMZ*JONES LLC DANIELLECHESTER,27.53,5411,Montreal
TX00152,2025-06-15 10:22:44,CUST399,"APL*WRIGHT, BR CASTANEDAVILLE",320.75,5999,New York
TX00153,2025-06-14 18:04:32,CUST993,ABT*JAMES LLC VICTORIAPORT,145.75,5999,Vancouver
TX00154,2025-06-15 13:06:21,CUST448,AMZ*SPENCE LTD HILLSHIRE,129.98,5999,New York
TX00155,2025-06-15 00:23:14,CUST941,"ABT*OSBORNE, B WALLPORT",248.41,5945,Chicago
TX00156,2025-06-15 09:27:08,CUST802,ABT*LAWSON LLC LAKE JAMES,78.85,5945,San Francisco
TX00157,2025-06-15 10:39:50,CUST187,AMZ*BYRD-LE LAKE COLTON,281.25,5999,Montreal
TX00158,2025-06-15 06:45:34,CUST710,"LYF*LUCAS, PAR JESSICALAND",388.97,5999,Vancouver
TX00159,2025-06-14 17:32:56,CUST553,GOOGL*MURPHY-PER EAST KRISTIN,495.07,5912,Montreal
TX00160,2025-06-14 16:46:50,CUST735,ABT*SCHMIDT-MC WEST ROBIN,480.25,5411,Toronto
TX00161,2025-06-15 05:20:28,CUST740,AMZ*COFFEY-PHI LINDAMOUTH,331.91,5812,Toronto
TX00162,2025-06-15 12:14:37,CUST277,LYF*TAYLOR AND COFFEYSIDE,82.48,5999,Vancouver
TX00163,2025-06-14 21:52:03,CUST805,LYF*DAVIS-FOST AMANDAMOUTH,149.17,5812,San Francisco
TX00164,2025-06-14 13:22:54,CUST823,GOOGL*CHAMBERS-C CARSONSTAD,430.51,5411,Chicago
TX00165,2025-06-14 16:13:08,CUST339,GOOGL*LEONARD GR NEW NICOLESIDE,296.95,5812,Vancouver
TX00166,2025-06-15 06:47:29,CUST217,LYF*HERMAN-WAL LAKE MADISONPORT,325.58,5912,Toronto
TX00167,2025-06-15 08:56:08,CUST173,"ABT*ORTIZ, TAY WENDYVILLE",397.35,5945,Chicago
TX00168,2025-06-15 04:28:07,CUST944,LYF*YOUNG PLC SOUTH SHAWN,222.38,5999,Chicago
TX00169,2025-06-15 00:19:18,CUST411,"APL*AVERY, HOR SOUTH DIANA",471.62,5945,Montreal
TX00170,2025-06-15 12:02:52,CUST605,UBR*GILBERT-CR ANTONIOSTAD,301.03,5999,Chicago
TX00171,2025-06-15 05:51:39,CUST430,LYF*RAMOS AND  CORYSTAD,17.8,5812,Chicago
TX00172,2025-06-14 17:36:00,CUST956,"LYF*WINTERS, N JAMESVILLE",475.64,5732,San Francisco
TX00173,2025-06-14 11:26:30,CUST690,ABT*DAVIS-LEWI NORTH KRISTINBURY,91.72,5945,Chicago
TX00174,2025-06-15 08:22:07,CUST552,GOOGL*BUCHANAN A PORT KATHYBOROUGH,498.49,5999,Chicago
TX00175,2025-06-15 11:39:16,CUST933,"UBR*ROBINSON,  PORT RACHEL",237.66,5999,San Francisco
TX00176,2025-06-15 11:10:05,CUST428,APL*RAMIREZ AN NEW JOHN,429.58,5912,Vancouver
TX00177,2025-06-15 04:28:58,CUST810,UBR*RODRIGUEZ  NORTH MICHAEL,332.98,5999,Montreal
TX00178,2025-06-15 11:46:13,CUST137,UBR*CHAPMAN IN WEST BRIAN,160.69,5912,New York
TX00179,2025-06-14 20:14:26,CUST891,"UBR*FISHER, WI STRICKLANDHAVEN",413.34,5411,Chicago
TX00180,2025-06-14 22:09:23,CUST990,"LYF*RODRIGUEZ, LAKE KRISTAHAVEN",209.56,5812,Montreal
TX00181,2025-06-14 11:26:07,CUST470,LYF*ELLIS-MAYN SOUTH MELANIECHESTER,251.75,5999,New York
TX00182,2025-06-14 18:58:48,CUST308,"GOOGL*RODRIGUEZ, WEST CHARLENELAND",69.85,5912,Vancouver
TX00183,2025-06-15 10:33:20,CUST815,UBR*HILL LTD OSCARHAVEN,19.29,5732,Montreal
TX00184,2025-06-14 13:08:03,CUST918,AMZ*CHAVEZ-JAC PORT JACQUELINESIDE,83.4,5945,New York
TX00185,2025-06-15 11:34:58,CUST665,"UBR*GLENN, JOR MORGANMOUTH",116.23,5411,Vancouver
TX00186,2025-06-15 09:22:14,CUST220,APL*PERRY-DAVI EDWARDSVIEW,251.7,5732,San Francisco
TX00187,2025-06-15 05:01:17,CUST621,APL*MCKAY-MCDA JONESLAND,210.67,5999,Vancouver
TX00188,2025-06-14 18:54:20,CUST349,UBR*REYNOLDS L LISASIDE,76.6,5812,Montreal
TX00189,2025-06-15 10:00:23,CUST620,APL*WILLIS PLC ELIZABETHCHESTER,432.69,5912,Vancouver
TX00190,2025-06-15 05:14:57,CUST448,LYF*RUSSO-PUGH PARRISHTON,411.17,5912,Chicago
TX00191,2025-06-14 17:51:44,CUST405,LYF*BURKE-BELL EAST DIANE,499.46,5999,Toronto
TX00192,2025-06-14 21:20:32,CUST557,LYF*BOONE LLC DANNYVIEW,175.84,5945,Montreal
TX00193,2025-06-15 03:15:39,CUST486,"UBR*PEREZ, PAT NEW SARAHVIEW",435.45,5732,Toronto
TX00194,2025-06-15 06:28:22,CUST685,UBR*WHITE LTD SANDRASTAD,428.73,5999,New York
TX00195,2025-06-14 21:45:22,CUST425,APL*WHITE AND  JONESTOWN,354.09,5999,Vancouver
TX00196,2025-06-15 09:26:19,CUST779,APL*REESE AND  BARNESMOUTH,250.19,5411,Toronto
TX00197,2025-06-15 02:53:20,CUST614,LYF*WOOD LTD KIMBERLYSHIRE,435.5,5999,New York
TX00198,2025-06-15 14:25:04,CUST638,"UBR*MILLER, WI LAKE CHRISTOPHERMOUTH",362.61,5999,Chicago
TX00199,2025-06-14 21:52:58,CUST258,"ABT*COLEMAN, L PORT WILLIAM",391.86,5912,San Francisco
TX00200,2025-06-15 00:30:17,CUST738,APL*JORDAN-CAM ROSEPORT,326.67,5912,Chicago
TX00201,2025-06-15 01:08:27,CUST979,LYF*WALKER PLC NORTH JAMESBOROUGH,477.3,5732,Chicago
TX00202,2025-06-14 19:16:43,CUST877,UBR*DURAN LLC DAVIDFORT,22.77,5411,Toronto
TX00203,2025-06-15 04:30:48,CUST746,"APL*JORDAN, AN NEW ANGELICA",498.73,5732,New York
TX00204,2025-06-14 11:17:32,CUST544,"ABT*DRAKE, JON SOUTH ANDREWLAND",318.71,5411,Vancouver
TX00205,2025-06-15 04:04:24,CUST270,APL*JOHNSTON-B ROBERTSFURT,452.19,5411,San Francisco
TX00206,2025-06-15 04:17:43,CUST915,ABT*BURCH AND  COLLIERSTAD,182.44,5999,Toronto
TX00207,2025-06-14 23:58:27,CUST350,LYF*KIM INC SOUTH BRIANNA,285.13,5812,Toronto
TX00208,2025-06-14 16:47:08,CUST279,"ABT*MILLER, HA WEST KIMBERLY",436.07,5945,Chicago
TX00209,2025-06-14 17:44:40,CUST346,UBR*DIXON INC PORT MICHAEL,75.84,5999,Chicago
TX00210,2025-06-15 05:40:49,CUST360,"UBR*MULLEN, BR EAST JONATHANBURGH",335.09,5999,San Francisco
TX00211,2025-06-15 09:13:29,CUST793,"LYF*HERNANDEZ, MARSHALLSHIRE",41.56,5912,Montreal
TX00212,2025-06-14 23:31:40,CUST406,"APL*COLE, GLAS MICHELLEMOUTH",346.71,5999,San Francisco
TX00213,2025-06-14 21:23:00,CUST303,UBR*GONZALES G WELCHVIEW,57.79,5999,Montreal
TX00214,2025-06-15 04:12:15,CUST467,"LYF*BROWN, ROM JOHNSONSTAD",496.38,5912,New York
TX00215,2025-06-15 00:33:56,CUST949,APL*JONES-LIN NEW BROOKEFURT,140.87,5945,Chicago
TX00216,2025-06-15 13:11:27,CUST896,APL*CARPENTER- SOUTH REGINASHIRE,455.76,5732,Vancouver
TX00217,2025-06-15 06:35:53,CUST952,"GOOGL*LOPEZ, JAC SOUTH DALEMOUTH",305.5,5912,Toronto
TX00218,2025-06-14 16:22:14,CUST751,"AMZ*MILLER, LU RITTERHAVEN",129.06,5732,Chicago
TX00219,2025-06-14 16:06:10,CUST797,"AMZ*BISHOP, CO ORTIZMOUTH",53.1,5732,Chicago
TX00220,2025-06-14 22:55:36,CUST140,"GOOGL*HARPER, MC WEST CODYFURT",21.52,5912,Chicago
TX00221,2025-06-15 04:13:55,CUST234,ABT*KING-YORK WEST CHRISTOPHER,166.73,5999,Toronto
TX00222,2025-06-14 19:20:14,CUST305,"AMZ*THOMAS, BA ANDERSONLAND",438.85,5912,Montreal
TX00223,2025-06-15 08:59:08,CUST613,GOOGL*HANSEN-SCH LISAHAVEN,132.2,5999,San Francisco
TX00224,2025-06-15 10:47:00,CUST864,GOOGL*LUCAS GROU ANDREWPORT,236.82,5411,Toronto
TX00225,2025-06-14 14:21:08,CUST872,AMZ*BEAN LLC LEEBERG,363.49,5999,Montreal
TX00226,2025-06-15 00:36:38,CUST474,ABT*JONES INC LAKE MATTHEWBERG,11.89,5945,New York
TX00227,2025-06-14 14:28:47,CUST565,"GOOGL*BENNETT, M LAKE SAMUEL",375.76,5912,Montreal
TX00228,2025-06-15 01:27:06,CUST490,APL*DIAZ-BALL BISHOPMOUTH,58.63,5812,Vancouver
TX00229,2025-06-14 18:32:11,CUST125,LYF*FERGUSON L MCKEEBOROUGH,167.36,5945,Toronto
TX00230,2025-06-14 15:50:32,CUST763,ABT*GREGORY-HU MURRAYPORT,412.81,5732,San Francisco
TX00231,2025-06-15 10:43:43,CUST764,UBR*SHAW-BARNE PORT JAMES,74.19,5411,San Francisco
TX00232,2025-06-15 11:26:16,CUST604,"ABT*TAYLOR, WR ANGELAVILLE",121.23,5945,Toronto
TX00233,2025-06-15 01:28:06,CUST497,"UBR*SINGLETON, WEST SHANNON",336.89,5732,Chicago
TX00234,2025-06-14 17:35:32,CUST653,"UBR*HERNANDEZ, PORT SHANNON",372.42,5812,Vancouver
TX00235,2025-06-14 21:09:36,CUST770,ABT*ARIAS-PERR SHAWBURY,309.75,5912,New York
TX00236,2025-06-15 07:03:58,CUST806,GOOGL*VANG-BROOK WEST SARAHMOUTH,224.47,5812,San Francisco
TX00237,2025-06-15 01:36:08,CUST201,APL*TAYLOR LLC HORTONBERG,274.51,5732,San Francisco
TX00238,2025-06-15 04:55:55,CUST162,"UBR*HARRISON,  WEST JASONBERG",98.96,5411,Vancouver
TX00239,2025-06-15 07:15:14,CUST193,"APL*BENTLEY, L JOHNVILLE",322.64,5945,New York
TX00240,2025-06-15 06:06:30,CUST151,GOOGL*ALLEN LTD BROWNFORT,494.47,5945,Toronto
TX00241,2025-06-15 07:26:03,CUST170,"LYF*HERRERA, C WEST RUBEN",295.26,5812,San Francisco
TX00242,2025-06-14 17:16:39,CUST892,"AMZ*GOMEZ, DUN NEW THERESALAND",6.4,5812,Toronto
TX00243,2025-06-15 08:37:24,CUST653,"GOOGL*STEPHENS,  SOUTH MORGANTON",59.41,5411,Toronto
TX00244,2025-06-15 06:18:49,CUST115,"GOOGL*HUGHES, BR KRISTINASTAD",296.48,5411,Toronto
TX00245,2025-06-15 10:21:41,CUST371,ABT*QUINN LTD PORT BONNIEMOUTH,372.15,5945,New York
TX00246,2025-06-14 21:38:13,CUST863,ABT*WILLIAMS P LISABURGH,226.9,5912,Montreal
TX00247,2025-06-14 22:31:10,CUST707,"ABT*MARSHALL,  NORTH JENNIFER",254.4,5945,New York
TX00248,2025-06-14 19:59:28,CUST844,APL*JOHNSON-HA NORTH LESLIE,154.31,5732,New York
TX00249,2025-06-15 00:21:15,CUST162,UBR*ROBERTSON- KINGBOROUGH,216.01,5411,Vancouver
TX00250,2025-06-15 12:18:03,CUST829,UBR*KELLY-NORM JOSHUASTAD,450.14,5912,Montreal
TX00251,2025-06-15 10:22:55,CUST251,ABT*PRESTON-PA MORGANBURGH,141.13,5732,Montreal
TX00252,2025-06-15 03:08:13,CUST661,APL*HOLT-RICHA LAURIECHESTER,193.55,5945,Montreal
TX00253,2025-06-14 20:34:12,CUST401,UBR*JORDAN AND MANUELLAND,304.69,5411,Chicago
TX00254,2025-06-14 15:16:39,CUST217,APL*GUERRERO-P JACKSONMOUTH,439.46,5945,Chicago
TX00255,2025-06-14 23:19:05,CUST986,AMZ*WEST-ACOST CHRISTINACHESTER,228.52,5812,Vancouver
TX00256,2025-06-15 00:27:33,CUST447,UBR*FOWLER-MOO NORTH EMILYFURT,210.91,5411,San Francisco
TX00257,2025-06-14 14:45:38,CUST537,GOOGL*PALMER-BRA NORTH DOUGLAS,131.17,5812,Chicago
TX00258,2025-06-15 11:39:18,CUST585,"ABT*GREGORY, K PORT DEANNA",416.73,5411,Vancouver
TX00259,2025-06-14 12:04:40,CUST198,APL*REYES-BRAD LAKE SHANNON,189.46,5812,Montreal
TX00260,2025-06-14 18:31:47,CUST161,LYF*WATSON-HIN NEW MICHAEL,283.03,5732,New York
TX00261,2025-06-14 14:45:08,CUST520,GOOGL*BANKS-WRIG NORTH JILLFORT,470.86,5999,Chicago
TX00262,2025-06-14 17:06:59,CUST152,"GOOGL*HUGHES, HO JANEBOROUGH",159.66,5411,Montreal
TX00263,2025-06-15 09:20:35,CUST619,"AMZ*MITCHELL,  EAST MELISSAMOUTH",330.08,5812,New York
TX00264,2025-06-15 01:35:39,CUST458,LYF*ROACH GROU PORT EVELYNMOUTH,61.87,5912,Montreal
TX00265,2025-06-14 18:33:09,CUST331,"UBR*REED, BROW MELISSABURGH",487.4,5945,Montreal
TX00266,2025-06-14 18:42:23,CUST791,APL*HICKS-MART PORT DOMINIC,18.0,5732,Chicago
TX00267,2025-06-15 08:24:28,CUST373,ABT*JOHNSON-SP TANNERSIDE,140.27,5912,San Francisco
TX00268,2025-06-15 08:22:18,CUST459,ABT*SALAZAR IN WEST RAYMONDFORT,435.58,5945,Chicago
TX00269,2025-06-15 09:48:40,CUST510,"ABT*JENKINS, O WEST DAWN",371.78,5411,New York
TX00270,2025-06-15 07:08:38,CUST864,LYF*OWENS-HOLM PORT KIMBERLY,191.22,5999,San Francisco
TX00271,2025-06-15 03:37:49,CUST261,"GOOGL*MATTHEWS,  PORT DAVIDBERG",362.19,5945,Montreal
TX00272,2025-06-15 09:18:43,CUST186,ABT*MARTIN-MOR WEST STACEY,82.92,5945,New York
TX00273,2025-06-15 05:04:10,CUST790,"ABT*JACOBSON,  DAVIDPORT",224.34,5999,Vancouver
TX00274,2025-06-14 23:53:48,CUST721,"UBR*FERGUSON,  EAST DONNA",140.22,5945,New York
TX00275,2025-06-15 10:56:21,CUST453,"UBR*WINTERS, M PORT MICHELLELAND",145.21,5732,Montreal
TX00276,2025-06-14 14:41:13,CUST598,LYF*FRY PLC DEBRASHIRE,157.67,5812,Vancouver
TX00277,2025-06-15 14:41:48,CUST713,ABT*MONTGOMERY DAWNPORT,106.19,5812,Toronto
TX00278,2025-06-15 04:26:17,CUST882,GOOGL*SANCHEZ-AG EVANSLAND,167.42,5411,Vancouver
TX00279,2025-06-15 08:34:47,CUST864,"UBR*BROWN, GON WEST CATHERINE",68.95,5945,Chicago
TX00280,2025-06-14 18:38:02,CUST335,LYF*HENSLEY-FL THERESABERG,417.51,5912,New York
TX00281,2025-06-15 13:26:11,CUST506,APL*ROBERTSON- SOUTH DAVID,220.93,5999,New York
TX00282,2025-06-14 18:00:50,CUST982,GOOGL*WRIGHT-DAV SONIACHESTER,217.5,5999,Chicago
TX00283,2025-06-15 04:26:08,CUST755,UBR*ESTES AND  SARAHMOUTH,62.01,5411,San Francisco
TX00284,2025-06-14 22:13:30,CUST275,LYF*HINES GROU JIMENEZPORT,416.85,5912,New York
TX00285,2025-06-15 06:07:04,CUST547,ABT*JOHNSON-LA LEVYBOROUGH,220.66,5999,Montreal
TX00286,2025-06-15 03:40:47,CUST180,"UBR*GOMEZ, WIL MITCHELLTOWN",374.17,5812,San Francisco
TX00287,2025-06-15 12:11:44,CUST897,AMZ*JORDAN LLC KATHRYNSTAD,257.69,5411,Montreal
TX00288,2025-06-15 02:15:22,CUST622,AMZ*MORALES PL WEST ANGELA,178.79,5732,Toronto
TX00289,2025-06-15 09:38:41,CUST341,ABT*HUGHES GRO MARCIAVILLE,131.7,5812,Montreal
TX00290,2025-06-15 12:13:59,CUST256,APL*HESTER GRO LAURAMOUTH,92.69,5732,Vancouver
TX00291,2025-06-14 11:18:37,CUST575,"LYF*MCMILLAN,  PORTERTON",291.84,5732,Montreal
TX00292,2025-06-14 16:14:18,CUST758,APL*TAYLOR LLC STONEBERG,164.99,5732,San Francisco
TX00293,2025-06-15 12:29:25,CUST254,"UBR*BARRY, TAY FRANCISCOPORT",237.12,5732,San Francisco
TX00294,2025-06-14 17:26:37,CUST915,"GOOGL*ROGERS, CL THOMASTOWN",32.81,5945,New York
TX00295,2025-06-14 22:31:22,CUST417,UBR*RIVERA-ROD SILVATOWN,23.62,5912,San Francisco
TX00296,2025-06-15 11:41:20,CUST178,"APL*WELLS, COF LAKE BRETT",309.43,5945,Vancouver
TX00297,2025-06-14 18:47:40,CUST573,LYF*JACKSON-FU HERNANDEZBURY,477.34,5732,New York
TX00298,2025-06-14 15:14:38,CUST560,LYF*ARMSTRONG  EAST ANDREWMOUTH,98.18,5945,Vancouver
TX00299,2025-06-15 12:43:26,CUST613,AMZ*HERNANDEZ- SHAWFORT,228.01,5912,Chicago
TX00300,2025-06-14 15:27:06,CUST186,"LYF*LUNA, THOR WHITNEYFORT",90.42,5812,Chicago
TX00301,2025-06-14 19:53:45,CUST548,"UBR*BENNETT, F AMYVIEW",263.76,5812,San Francisco
TX00302,2025-06-15 00:52:16,CUST481,GOOGL*WASHINGTON JEFFREYPORT,207.34,5912,Chicago
TX00303,2025-06-14 16:00:24,CUST712,ABT*BUSH-VAUGH STEWARTSTAD,325.42,5411,San Francisco
TX00304,2025-06-14 14:16:39,CUST196,"LYF*PECK, POPE NEW ERICAFURT",196.35,5912,Chicago
TX00305,2025-06-14 17:01:58,CUST972,APL*CARDENAS-B WEST BOBBY,437.27,5912,New York
TX00306,2025-06-15 09:49:38,CUST696,"APL*MILLER, BR LEWISSIDE",458.79,5912,Chicago
TX00307,2025-06-15 00:42:21,CUST815,APL*FITZPATRIC NORTH CHRISTINA,68.83,5732,New York
TX00308,2025-06-15 01:15:43,CUST417,"LYF*ALLEN, WIL LAKE JESSE",323.53,5912,Toronto
TX00309,2025-06-14 12:04:43,CUST786,APL*GUTIERREZ  GARCIABERG,498.6,5945,New York
TX00310,2025-06-14 23:33:39,CUST761,APL*OCONNELL A DELGADOFORT,256.7,5411,San Francisco
TX00311,2025-06-15 07:10:41,CUST416,AMZ*SANTOS-AVI MANUELTON,174.16,5999,Toronto
TX00312,2025-06-15 09:20:07,CUST331,AMZ*PEARSON AN EAST ROBERTBURGH,43.2,5411,Montreal
TX00313,2025-06-14 12:05:00,CUST889,LYF*OSBORN GRO LOPEZPORT,442.42,5411,Chicago
TX00314,2025-06-15 10:12:19,CUST444,LYF*SMITH PLC WEST JUSTINSIDE,300.64,5812,Toronto
TX00315,2025-06-14 16:13:50,CUST285,"APL*SNYDER, MA NELSONVILLE",405.48,5812,Chicago
TX00316,2025-06-15 00:01:03,CUST548,ABT*MARTIN-STE JENNIFERTOWN,185.33,5732,Toronto
TX00317,2025-06-15 04:36:09,CUST554,"LYF*ROGERS, PH EAST CHERYL",377.43,5999,Toronto
TX00318,2025-06-15 03:42:33,CUST646,"AMZ*PRINCE, WI SOUTH ELIZABETHBURGH",482.97,5999,Toronto
TX00319,2025-06-14 18:12:29,CUST476,APL*WOODS AND  WEST PATRICKMOUTH,492.3,5999,San Francisco
TX00320,2025-06-14 20:39:59,CUST896,UBR*FINLEY-TUR WEST DESIREEBURY,266.09,5812,Toronto
TX00321,2025-06-15 09:56:15,CUST920,LYF*CONTRERAS  ERIKHAVEN,437.14,5411,Chicago
TX00322,2025-06-14 18:47:11,CUST592,"GOOGL*CARRILLO,  MICHAELBURY",467.48,5732,Montreal
TX00323,2025-06-15 04:35:52,CUST971,ABT*BERNARD GR SOUTH JULIE,46.52,5812,San Francisco
TX00324,2025-06-15 09:36:42,CUST560,"LYF*BROOKS, MI PORT JOHN",416.37,5411,Toronto
TX00325,2025-06-15 02:14:55,CUST936,"UBR*MARKS, MIL CHRISTIANSHIRE",465.58,5999,New York
TX00326,2025-06-15 01:21:40,CUST505,LYF*BROWN PLC NEW AMANDA,121.71,5411,San Francisco
TX00327,2025-06-15 03:22:25,CUST329,ABT*MURPHY PLC WILSONBOROUGH,465.76,5732,Chicago
TX00328,2025-06-15 09:58:00,CUST443,"AMZ*AGUILAR, D SOUTH DAVIDCHESTER",23.96,5999,Chicago
TX00329,2025-06-14 11:20:53,CUST951,AMZ*ELLIOTT-HA JENNIFERFURT,354.24,5999,Montreal
TX00330,2025-06-15 14:17:05,CUST105,ABT*VELASQUEZ- NORTH RODNEYLAND,131.68,5812,Montreal
TX00331,2025-06-14 19:45:39,CUST844,"LYF*MCKNIGHT,  JOHNSONCHESTER",214.51,5912,Toronto
TX00332,2025-06-15 13:14:17,CUST408,ABT*MACK LTD BROOKSFURT,123.03,5732,Montreal
TX00333,2025-06-15 10:56:25,CUST568,ABT*KANE-KNOX MILLERSIDE,419.16,5999,Montreal
TX00334,2025-06-14 15:58:04,CUST648,ABT*VALDEZ LLC EAST VICTORIAFURT,260.11,5812,Chicago
TX00335,2025-06-14 23:20:54,CUST247,"GOOGL*ANDERSON,  WEST STEVENSIDE",5.77,5912,Toronto
TX00336,2025-06-15 08:09:24,CUST684,UBR*PATEL-MORR SOUTH MICHAEL,333.86,5411,Montreal
TX00337,2025-06-14 19:49:24,CUST469,ABT*LOPEZ-GOLD NORTH LISACHESTER,274.32,5945,Montreal
TX00338,2025-06-14 21:51:34,CUST120,"UBR*MIRANDA, S NORTH CRAIG",26.55,5999,San Francisco
TX00339,2025-06-15 14:23:07,CUST359,APL*GRIFFIN LT EAST JOYFURT,181.76,5411,San Francisco
TX00340,2025-06-14 15:03:08,CUST346,APL*YOUNG-ROBI EAST WILLIAMPORT,315.99,5945,Chicago
TX00341,2025-06-15 10:07:09,CUST874,GOOGL*CABRERA LT BARBARAMOUTH,26.95,5945,San Francisco
TX00342,2025-06-15 08:36:06,CUST933,APL*TURNER AND SOUTH KEVIN,416.04,5732,Vancouver
TX00343,2025-06-14 15:58:33,CUST812,UBR*HAWKINS PL LAKE ERIKA,95.23,5812,New York
TX00344,2025-06-15 13:37:48,CUST833,"UBR*SIMPSON, C FLOYDMOUTH",150.25,5411,Toronto
TX00345,2025-06-15 03:41:13,CUST142,"GOOGL*BUTLER, HE ALLENBURY",260.11,5945,Vancouver
TX00346,2025-06-14 11:33:00,CUST359,ABT*MATHEWS-TH MELENDEZSIDE,325.22,5912,San Francisco
TX00347,2025-06-14 15:06:07,CUST982,ABT*FAULKNER-G SOUTH JOHN,169.3,5411,San Francisco
TX00348,2025-06-14 11:54:49,CUST547,UBR*RIVERA INC BOONELAND,222.67,5999,San Francisco
TX00349,2025-06-14 13:46:45,CUST291,"UBR*HARDY, LEE PORT CHARLESSHIRE",251.27,5945,San Francisco
TX00350,2025-06-14 12:30:15,CUST920,"ABT*POWERS, RO KEVINTOWN",215.13,5999,Montreal
TX00351,2025-06-14 19:06:59,CUST942,AMZ*GILES LTD LAKE YVONNEFORT,150.41,5411,New York
TX00352,2025-06-15 04:12:45,CUST435,APL*DOMINGUEZ  SOUTH ROSE,156.72,5945,Chicago
TX00353,2025-06-14 13:51:47,CUST536,"AMZ*MORRIS, CA KYLESTAD",224.73,5999,New York
TX00354,2025-06-14 16:35:26,CUST844,"GOOGL*ANDRADE, O GILLMOUTH",499.08,5912,Chicago
TX00355,2025-06-15 12:14:40,CUST910,ABT*WOOD GROUP NEW MICHELLEBERG,337.24,5999,San Francisco
TX00356,2025-06-14 14:14:24,CUST625,APL*GREEN PLC PHILLIPSBOROUGH,84.19,5411,Toronto
TX00357,2025-06-14 14:17:17,CUST969,LYF*HALL-HUDSO SOUTH ANDREA,391.75,5411,Toronto
TX00358,2025-06-14 15:29:13,CUST168,"AMZ*MORGAN, HI MURRAYSTAD",186.33,5999,Montreal
TX00359,2025-06-15 09:23:24,CUST133,LYF*TAYLOR PLC WHITESIDE,341.14,5912,San Francisco
TX00360,2025-06-14 18:04:50,CUST554,"ABT*BERNARD, W PORT ELIZABETHTOWN",73.16,5912,Vancouver
TX00361,2025-06-15 04:49:47,CUST421,APL*TAYLOR-MCC LAKE EDWARDBOROUGH,128.56,5411,New York
TX00362,2025-06-14 20:48:25,CUST853,"AMZ*BRYANT, BR HOPKINSTOWN",261.28,5945,New York
TX00363,2025-06-14 13:20:36,CUST368,GOOGL*PATEL GROU NORTH ALYSSAVIEW,225.91,5945,San Francisco
TX00364,2025-06-15 07:41:18,CUST810,"UBR*MADDEN, SM DRAKEBURGH",65.71,5411,Vancouver
TX00365,2025-06-14 22:46:14,CUST276,APL*HULL PLC EAST JAMES,498.64,5732,San Francisco
TX00366,2025-06-14 13:08:35,CUST783,"GOOGL*KING, GOME WEST SUSANMOUTH",37.14,5945,San Francisco
TX00367,2025-06-14 13:03:37,CUST407,"AMZ*SANCHEZ, T LAKE VICTORIATON",356.23,5732,Chicago
TX00368,2025-06-14 20:27:12,CUST278,GOOGL*SULLIVAN G BROWNTOWN,116.0,5812,Toronto
TX00369,2025-06-15 14:01:10,CUST342,"UBR*JACKSON, P ARIELVILLE",183.64,5945,San Francisco
TX00370,2025-06-15 10:15:06,CUST578,"LYF*ELLISON, H NELSONLAND",307.91,5411,New York
TX00371,2025-06-14 12:52:26,CUST416,"UBR*FROST, LAM EAST SARAHMOUTH",360.84,5945,Vancouver
TX00372,2025-06-14 18:02:42,CUST887,UBR*ALI PLC PORT LORI,41.51,5912,Chicago
TX00373,2025-06-14 22:00:58,CUST175,UBR*HICKMAN-EV NEW MARY,341.65,5912,Toronto
TX00374,2025-06-14 15:40:56,CUST999,LYF*RHODES-FER CAMPOSBERG,295.95,5812,Vancouver
TX00375,2025-06-15 10:27:21,CUST614,"ABT*RAMSEY, MA NORTH SAMUELLAND",261.46,5912,Toronto
TX00376,2025-06-14 13:09:02,CUST265,GOOGL*JACOBS-AUS NOVAKMOUTH,116.61,5945,San Francisco
TX00377,2025-06-15 05:51:08,CUST966,ABT*WALTERS GR PEREZSIDE,102.17,5945,San Francisco
TX00378,2025-06-15 03:57:04,CUST228,APL*REYNOLDS-F MILLERPORT,309.14,5411,Montreal
TX00379,2025-06-14 17:25:46,CUST756,AMZ*MARQUEZ IN ERICBERG,471.1,5812,Toronto
TX00380,2025-06-14 12:44:21,CUST774,"LYF*PRICE, WAR SEANVIEW",451.49,5912,Montreal
TX00381,2025-06-15 12:01:09,CUST142,ABT*ANDERSON A COLESIDE,27.5,5732,Montreal
TX00382,2025-06-15 07:18:04,CUST371,"APL*RUSSELL, J NEW CARLYMOUTH",384.64,5999,Montreal
TX00383,2025-06-14 20:50:37,CUST754,ABT*SMITH-GUTI LAKE RACHELBURY,445.05,5945,San Francisco
TX00384,2025-06-14 21:23:35,CUST757,"GOOGL*MEYER, JEN KEVINFORT",126.21,5732,Vancouver
TX00385,2025-06-15 12:19:11,CUST404,UBR*BROWN GROU ROBERTFORT,345.86,5812,Vancouver
TX00386,2025-06-14 22:04:00,CUST525,UBR*WARD AND S WHEELERBOROUGH,105.99,5945,Toronto
TX00387,2025-06-15 03:21:02,CUST420,APL*RODRIGUEZ- COOKFURT,368.43,5912,Vancouver
TX00388,2025-06-14 20:13:36,CUST233,GOOGL*ALEXANDER- WEST MALIK,283.02,5912,Toronto
TX00389,2025-06-15 05:14:17,CUST577,"ABT*HARRIS, ED KELLYFORT",227.55,5812,New York
TX00390,2025-06-15 00:59:24,CUST151,"GOOGL*CASEY, NGU DIAZSHIRE",432.76,5999,Toronto
TX00391,2025-06-15 03:03:18,CUST986,AMZ*VARGAS PLC LAKE KATRINA,467.21,5732,San Francisco
TX00392,2025-06-14 20:50:07,CUST294,AMZ*BENTON GRO SOUTH LAUREN,498.0,5999,Vancouver
TX00393,2025-06-15 14:07:58,CUST415,"UBR*JONES, ABB TAYLORPORT",49.57,5999,Montreal
TX00394,2025-06-15 07:08:36,CUST568,AMZ*KING AND S MCCORMICKLAND,293.76,5411,New York
TX00395,2025-06-14 17:13:18,CUST388,UBR*EWING-MEND FERGUSONCHESTER,441.76,5732,Chicago
TX00396,2025-06-14 19:26:10,CUST581,"GOOGL*JOHNSON, S NORTH KAYLASTAD",9.05,5411,Vancouver
TX00397,2025-06-14 12:29:20,CUST237,GOOGL*HOLLAND IN RASMUSSENMOUTH,186.06,5999,San Francisco
TX00398,2025-06-15 13:06:50,CUST146,UBR*RODRIGUEZ- NEW JULIE,287.29,5812,San Francisco
TX00399,2025-06-15 12:17:58,CUST666,"GOOGL*CARPENTER, FORDSHIRE",196.24,5999,Montreal
TX00400,2025-06-14 14:12:14,CUST386,"LYF*MASON, COO WEST ROBERTLAND",307.47,5812,New York
TX00401,2025-06-15 02:37:51,CUST503,GOOGL*GUERRA LTD WEST LARRY,281.13,5912,Toronto
TX00402,2025-06-14 20:26:24,CUST303,LYF*MUELLER-BO THOMASMOUTH,203.69,5411,New York
TX00403,2025-06-14 12:59:44,CUST139,"AMZ*HORTON, FL NORTH MELINDAVILLE",169.86,5999,Montreal
TX00404,2025-06-14 16:54:12,CUST567,"AMZ*MARSH, SPE NEW ETHAN",447.1,5812,San Francisco
TX00405,2025-06-15 09:03:36,CUST727,"GOOGL*SIMMONS, M EAST DANIELLE",199.51,5945,Chicago
TX00406,2025-06-14 17:21:35,CUST962,GOOGL*FOSTER-MCL SOUTH BRITTANY,171.5,5945,Montreal
TX00407,2025-06-14 18:28:52,CUST601,APL*SMITH-LEWI KARENLAND,153.4,5411,San Francisco
TX00408,2025-06-15 10:59:09,CUST439,"APL*GARCIA, WI JAMESVILLE",490.05,5945,San Francisco
TX00409,2025-06-14 13:55:32,CUST915,APL*LAMBERT-BU CANDICEFURT,316.48,5945,Vancouver
TX00410,2025-06-14 17:54:54,CUST371,"APL*WILSON, BE PORT EMILY",290.93,5732,New York
TX00411,2025-06-15 08:46:06,CUST697,UBR*SELLERS-LA WEST DAVID,264.5,5732,Montreal
TX00412,2025-06-15 09:35:46,CUST893,UBR*WILSON-BRO NEW PAUL,411.72,5812,New York
TX00413,2025-06-15 10:58:31,CUST686,"APL*TAYLOR, RE NEW GARRETT",99.44,5999,San Francisco
TX00414,2025-06-14 23:56:28,CUST528,AMZ*TAYLOR-EDW HARVEYSTAD,346.8,5999,Montreal
TX00415,2025-06-14 21:48:21,CUST893,LYF*WASHINGTON MAYNARDHAVEN,437.04,5732,Chicago
TX00416,2025-06-15 09:56:57,CUST163,"APL*SIMPSON, C BURNSLAND",261.75,5945,San Francisco
TX00417,2025-06-14 19:50:40,CUST778,"UBR*JOHNSON, J JEFFREYPORT",191.53,5812,Vancouver
TX00418,2025-06-14 19:05:14,CUST645,GOOGL*NORMAN PLC DUNNVILLE,180.37,5732,Chicago
TX00419,2025-06-15 05:21:05,CUST758,"APL*WILSON, HA AMBERTON",306.99,5812,Toronto
TX00420,2025-06-15 04:06:31,CUST385,"LYF*ALEXANDER, WEST NANCY",116.31,5912,San Francisco
TX00421,2025-06-14 13:50:44,CUST821,AMZ*COLE LLC SOUTH MICHELLEVILLE,353.97,5912,Vancouver
TX00422,2025-06-14 12:42:06,CUST457,LYF*CLARK LTD MICHELLECHESTER,140.36,5411,Montreal
TX00423,2025-06-15 01:09:08,CUST792,LYF*JENSEN AND PORT BRIAN,448.4,5999,San Francisco
TX00424,2025-06-15 04:24:05,CUST891,AMZ*PATEL-CARL WEST TIFFANY,25.82,5732,New York
TX00425,2025-06-14 15:05:36,CUST454,UBR*ROBERTS-AD EAST SYDNEYCHESTER,131.94,5999,Toronto
TX00426,2025-06-15 05:06:18,CUST306,LYF*RIDDLE LTD LAKE MICHELLE,466.85,5732,San Francisco
TX00427,2025-06-14 16:33:37,CUST240,ABT*THOMAS LLC PORT MEGAN,371.74,5812,Toronto
TX00428,2025-06-14 19:38:31,CUST151,APL*BURNS-RAY COURTNEYFURT,116.71,5812,New York
TX00429,2025-06-15 02:57:03,CUST202,UBR*JONES-NORT SOUTH ZACHARYVIEW,360.09,5411,Chicago
TX00430,2025-06-15 14:47:16,CUST889,"AMZ*MAYER, WOO BRANDILAND",482.44,5812,Vancouver
TX00431,2025-06-14 21:35:35,CUST768,"UBR*STANTON, R PORT AMANDABOROUGH",327.02,5912,San Francisco
TX00432,2025-06-15 12:49:21,CUST392,APL*SUMMERS-SI MARIAMOUTH,454.43,5411,Chicago
TX00433,2025-06-14 19:29:32,CUST687,"AMZ*LANE, KNIG PATRICIATON",370.65,5411,Toronto
TX00434,2025-06-15 13:39:12,CUST527,AMZ*GARCIA GRO NORTH SARAHBURGH,498.6,5999,Vancouver
TX00435,2025-06-15 04:26:14,CUST290,APL*BRYANT-BRA HARRISBERG,438.99,5411,San Francisco
TX00436,2025-06-15 11:04:11,CUST681,"LYF*TURNER, BA LAKE MICHAELLAND",464.59,5912,San Francisco
TX00437,2025-06-14 19:11:44,CUST565,APL*BECK-BANKS SOUTH CONNIEBURY,264.54,5812,Montreal
TX00438,2025-06-15 07:57:23,CUST579,GOOGL*RIOS-PADIL EAST THOMASBERG,405.36,5912,Toronto
TX00439,2025-06-14 15:22:23,CUST848,"UBR*PEREZ, FRA LISACHESTER",132.35,5812,New York
TX00440,2025-06-15 04:14:06,CUST854,"GOOGL*ANDERSON,  NORTH LAWRENCEPORT",286.05,5812,Toronto
TX00441,2025-06-15 00:12:47,CUST725,APL*REYES AND  NORTH ALYSSA,414.36,5945,San Francisco
TX00442,2025-06-14 14:36:35,CUST188,UBR*BISHOP AND BELLBOROUGH,52.22,5812,Vancouver
TX00443,2025-06-15 14:43:40,CUST431,"AMZ*GOODMAN, G HEATHLAND",134.09,5812,Vancouver
TX00444,2025-06-15 02:58:31,CUST871,GOOGL*TAYLOR INC BELLCHESTER,154.46,5732,Montreal
TX00445,2025-06-14 15:10:36,CUST111,GOOGL*MOODY-WRIG EAST ANGELAPORT,182.98,5812,New York
TX00446,2025-06-14 22:01:55,CUST783,"ABT*JOHNSON, B NEW CATHERINE",156.87,5999,Chicago
TX00447,2025-06-15 03:39:15,CUST614,APL*ADKINS LLC PORT RACHAELBURY,346.69,5732,San Francisco
TX00448,2025-06-15 06:56:08,CUST476,LYF*CRUZ-ALLEN NEW PAMELATOWN,113.47,5812,Vancouver
TX00449,2025-06-14 11:45:08,CUST256,UBR*PECK-ANDER DIAZBURGH,494.47,5912,Vancouver
TX00450,2025-06-14 21:50:03,CUST818,LYF*BEST-TOWNS NEW CARLOSVIEW,379.89,5732,Toronto
TX00451,2025-06-14 14:12:22,CUST880,AMZ*WILLIAMS I HUNTERHAVEN,378.6,5411,Montreal
TX00452,2025-06-14 13:21:11,CUST557,LYF*HENDERSON- WEST CHRISTOPHER,184.08,5945,New York
TX00453,2025-06-14 20:34:20,CUST163,LYF*DIXON AND  NEW MARK,105.07,5945,Toronto
TX00454,2025-06-14 20:01:53,CUST268,"GOOGL*WALTERS, D WEST HOLLYBURY",223.71,5732,Toronto
TX00455,2025-06-14 21:10:44,CUST834,LYF*SANCHEZ GR SOUTH CHERYLTON,50.02,5945,Vancouver
TX00456,2025-06-14 22:28:03,CUST928,ABT*WADE-BARRE NORTH ALEXANDER,70.31,5999,Vancouver
TX00457,2025-06-14 18:37:53,CUST677,ABT*MILES AND  BENTONHAVEN,233.88,5912,Chicago
TX00458,2025-06-15 05:42:43,CUST122,"UBR*LOGAN, LE  LAKE KIMBERLY",409.14,5732,Toronto
TX00459,2025-06-15 13:19:39,CUST692,ABT*QUINN-WILS WEST LINDSAYVIEW,214.73,5732,New York
TX00460,2025-06-15 12:27:49,CUST654,"ABT*BROWN, JOS SOUTH SPENCERSTAD",493.14,5999,New York
TX00461,2025-06-15 08:25:25,CUST393,UBR*PORTER PLC WEST ERIC,385.64,5732,Chicago
TX00462,2025-06-15 01:20:34,CUST761,UBR*SHANNON LT EAST JOYCETOWN,496.46,5999,Vancouver
TX00463,2025-06-15 01:17:59,CUST990,UBR*TREVINO IN NORTH THOMAS,44.72,5732,Montreal
TX00464,2025-06-15 02:18:53,CUST236,APL*MORA-WHITE NEW LINDACHESTER,63.72,5945,Vancouver
TX00465,2025-06-14 12:28:34,CUST641,AMZ*MORRIS GRO JOSEPHLAND,489.47,5411,New York
TX00466,2025-06-14 14:27:19,CUST405,"UBR*WATSON, SH EAST LINDA",360.95,5999,Montreal
TX00467,2025-06-15 05:57:54,CUST488,AMZ*FINLEY INC CLINEPORT,233.01,5812,San Francisco
TX00468,2025-06-15 10:52:05,CUST293,APL*MILLER-BRY JAMESSHIRE,20.95,5732,Vancouver
TX00469,2025-06-15 06:12:51,CUST729,ABT*STEVENSON- BRITTANYFORT,107.01,5411,Montreal
TX00470,2025-06-14 17:12:43,CUST134,UBR*OCONNOR PL EAST ADAM,337.65,5411,Toronto
TX00471,2025-06-15 00:19:50,CUST858,ABT*JOHNSON-WE WEST AARONFURT,222.29,5945,Toronto
TX00472,2025-06-15 09:52:28,CUST872,"ABT*ACOSTA, GA SOUTH TRAVIS",254.43,5912,Toronto
TX00473,2025-06-14 18:00:04,CUST935,APL*KAUFMAN AN CHRISTOPHERBURY,162.86,5945,Chicago
TX00474,2025-06-15 06:21:04,CUST938,"GOOGL*GUTIERREZ, NEW CODYBERG",154.37,5812,Chicago
TX00475,2025-06-14 23:55:09,CUST633,"AMZ*WILKINS, J BATESBERG",153.75,5411,Montreal
TX00476,2025-06-15 08:36:00,CUST705,APL*CARTER LLC HAYNESMOUTH,314.87,5999,Montreal
TX00477,2025-06-15 02:26:12,CUST607,ABT*CHAVEZ-HAL EAST KIMBERLY,471.09,5732,Vancouver
TX00478,2025-06-15 03:22:18,CUST904,"LYF*RODRIGUEZ, RICHARDSIDE",349.67,5999,Toronto
TX00479,2025-06-15 08:16:54,CUST407,UBR*OCONNELL-C STEVENVILLE,378.44,5999,Toronto
TX00480,2025-06-15 04:01:37,CUST969,AMZ*MOORE LTD MARGARETTON,429.48,5812,Vancouver
TX00481,2025-06-14 23:57:05,CUST159,LYF*HUFF LLC NORTH JENNIFER,484.05,5945,Montreal
TX00482,2025-06-15 06:08:04,CUST237,UBR*FOSTER-WIL JORGEBURGH,131.22,5912,Chicago
TX00483,2025-06-15 01:27:58,CUST180,UBR*CRANE GROU NORTH STEVEN,50.77,5732,Toronto
TX00484,2025-06-15 01:14:39,CUST152,GOOGL*MARTINEZ I EAST JAMES,338.47,5945,New York
TX00485,2025-06-15 08:07:33,CUST994,ABT*WATSON-MCC NEW BRENDALAND,403.3,5945,Chicago
TX00486,2025-06-15 07:04:31,CUST787,LYF*OSBORN AND LAMBLAND,242.3,5912,San Francisco
TX00487,2025-06-15 08:03:29,CUST115,AMZ*MARTINEZ-D EAST SANDRACHESTER,481.23,5411,Chicago
TX00488,2025-06-15 06:08:38,CUST872,"UBR*FOSTER, JO WEST JASON",349.34,5732,Toronto
TX00489,2025-06-14 18:52:33,CUST506,AMZ*HILL GROUP NORTH CHRISTINA,164.2,5912,Vancouver
TX00490,2025-06-14 15:21:26,CUST577,"LYF*SANCHEZ, P BROWNVIEW",182.83,5912,San Francisco
TX00491,2025-06-14 22:00:35,CUST625,UBR*TAYLOR-GON LAKE VIRGINIA,53.81,5732,Vancouver
TX00492,2025-06-15 07:34:51,CUST879,"GOOGL*NORTON, MA TIMOTHYFORT",188.5,5999,New York
TX00493,2025-06-14 11:59:18,CUST676,AMZ*DURHAM-SHA NELSONTOWN,77.23,5912,Montreal
TX00494,2025-06-14 12:45:42,CUST698,LYF*HARPER-JOH BRIANFORT,211.7,5812,Toronto
TX00495,2025-06-15 01:08:49,CUST437,"AMZ*HOWARD, SI NORTH JOHN",287.05,5812,Vancouver
TX00496,2025-06-14 14:02:31,CUST663,APL*ADAMS LTD PORT WENDYBURY,172.09,5999,Chicago
TX00497,2025-06-14 21:06:52,CUST757,"APL*BRADFORD,  EAST JOEL",233.11,5732,San Francisco
TX00498,2025-06-14 12:45:03,CUST273,AMZ*DRAKE-WOLF LAKE JACKIESHIRE,275.54,5812,Montreal
TX00499,2025-06-14 19:54:01,CUST757,"ABT*THOMAS, VA WEAVERBURGH",21.74,5411,Chicago
TX00500,2025-06-14 23:57:42,CUST149,ABT*JOHNSON-BR NORTH ALISHA,73.06,5732,Toronto
TX00501,2025-06-15 09:28:40,CUST169,APL*RIVERA PLC PORT DAVID,9.53,5945,Vancouver
TX00502,2025-06-14 16:28:55,CUST482,"ABT*THOMPSON,  NORTH DYLANBERG",320.68,5945,Vancouver
TX00503,2025-06-15 14:24:14,CUST775,UBR*MATHIS LLC WEST JANETFURT,8.27,5945,Vancouver
TX00504,2025-06-14 19:42:04,CUST112,"ABT*GARCIA, TU LAKE STACY",362.49,5945,San Francisco
TX00505,2025-06-14 13:34:06,CUST117,"LYF*YU, BANKS  JEFFREYSHIRE",338.65,5812,New York
TX00506,2025-06-15 09:33:19,CUST198,LYF*GRAY LTD DAVIDTOWN,124.28,5945,Montreal
TX00507,2025-06-15 05:14:37,CUST358,"GOOGL*FRY, MYERS EAST CARRIEBURY",398.49,5411,San Francisco
TX00508,2025-06-14 18:24:20,CUST515,UBR*CUNNINGHAM EAST MICHAELMOUTH,125.39,5732,Toronto
TX00509,2025-06-15 12:02:29,CUST407,APL*FIELDS INC SEANVIEW,328.6,5732,New York
TX00510,2025-06-15 01:10:05,CUST195,UBR*WRIGHT INC JONATHANVILLE,191.7,5999,New York
TX00511,2025-06-14 13:23:12,CUST752,"ABT*SMITH, CRU SOUTH TREVOR",89.83,5999,Vancouver
TX00512,2025-06-14 18:22:28,CUST760,GOOGL*BELL-BENNE KRAMERSHIRE,488.78,5411,Montreal
TX00513,2025-06-15 07:16:45,CUST143,"AMZ*CHANG, PER WEST ANDREWVIEW",451.13,5732,Montreal
TX00514,2025-06-15 13:16:53,CUST586,GOOGL*JONES AND  MARTINLAND,462.46,5732,San Francisco
TX00515,2025-06-14 15:00:56,CUST656,"LYF*MCMAHON, S BUSHCHESTER",21.29,5912,New York
TX00516,2025-06-15 09:43:36,CUST312,"LYF*MARTIN, PR WEST JAMIEBOROUGH",377.37,5732,Vancouver
TX00517,2025-06-15 09:03:43,CUST178,GOOGL*TERRY-BOWE DONNAPORT,284.16,5945,Vancouver
TX00518,2025-06-15 02:53:55,CUST793,LYF*DAVIS GROU HERNANDEZSTAD,195.0,5732,Toronto
TX00519,2025-06-14 12:36:38,CUST909,APL*PATTERSON  GONZALEZTOWN,43.82,5732,San Francisco
TX00520,2025-06-14 23:03:45,CUST154,ABT*JACKSON LL SOUTH MEGANPORT,119.91,5411,San Francisco
TX00521,2025-06-14 17:17:28,CUST719,LYF*RUIZ-JACOB CHRISTOPHERSIDE,201.37,5912,New York
TX00522,2025-06-14 22:34:21,CUST749,GOOGL*LOPEZ-MCCL JACOBTON,247.85,5912,Montreal
TX00523,2025-06-15 08:12:50,CUST484,UBR*GONZALES-B ANNEBERG,341.45,5732,Vancouver
TX00524,2025-06-15 04:13:20,CUST187,"LYF*CONTRERAS, ARELLANOSHIRE",400.04,5732,New York
TX00525,2025-06-15 09:21:41,CUST184,GOOGL*SPENCER GR SHEPPARDFORT,193.1,5732,Toronto
TX00526,2025-06-15 03:26:48,CUST857,"UBR*KEITH, ALV NEW ASHLEYHAVEN",183.55,5411,New York
TX00527,2025-06-15 01:52:20,CUST415,"UBR*BYRD, OLIV THOMPSONBURGH",381.87,5411,Toronto
TX00528,2025-06-14 23:17:06,CUST189,AMZ*STOKES AND SOUTH CHRISTIANCHESTER,227.18,5945,Montreal
TX00529,2025-06-15 14:01:13,CUST517,ABT*OSBORN LTD PORT BROOKE,49.36,5945,New York
TX00530,2025-06-15 03:09:52,CUST711,LYF*BARTLETT-S NORTH PAULFURT,432.54,5411,San Francisco
TX00531,2025-06-15 11:53:34,CUST523,"UBR*NGUYEN, HI PORT ISABELLASHIRE",363.8,5945,Toronto
TX00532,2025-06-15 08:48:08,CUST685,LYF*HARRINGTON NORTH ANNAVILLE,344.23,5812,Toronto
TX00533,2025-06-15 05:12:15,CUST375,GOOGL*DILLON-BEA BAKERFORT,249.1,5411,Toronto
TX00534,2025-06-14 23:38:41,CUST545,"GOOGL*LYNCH, JOH NEW CHARLOTTE",153.38,5411,San Francisco
TX00535,2025-06-14 12:43:46,CUST357,"AMZ*MORALES, F NORTH JULIE",314.39,5945,Montreal
TX00536,2025-06-15 11:04:54,CUST300,UBR*PRINCE-SMI LARRYFORT,72.07,5411,Vancouver
TX00537,2025-06-15 01:08:43,CUST440,"LYF*COHEN, COM TERRIMOUTH",403.02,5912,Vancouver
TX00538,2025-06-14 15:16:23,CUST442,UBR*ADAMS-BUTL EAST SCOTTCHESTER,487.24,5812,San Francisco
TX00539,2025-06-14 13:39:42,CUST428,LYF*WASHINGTON NEW LACEYLAND,104.42,5912,Toronto
TX00540,2025-06-15 04:21:55,CUST507,GOOGL*MCKINNEY-P EAST JAMESBOROUGH,368.76,5732,Vancouver
TX00541,2025-06-15 03:06:41,CUST689,AMZ*WRIGHT GRO WEST JANETVIEW,191.15,5999,San Francisco
TX00542,2025-06-15 07:42:07,CUST216,LYF*COLON-WAGN LAKE ANTHONYSTAD,298.15,5945,Toronto
TX00543,2025-06-15 13:59:48,CUST798,LYF*WHEELER-TH MATTHEWSSTAD,476.74,5999,Chicago
TX00544,2025-06-15 04:22:10,CUST314,UBR*MARTIN-KLI WEST ANTHONYTON,416.48,5411,Vancouver
TX00545,2025-06-15 09:54:33,CUST789,UBR*NASH AND S LAKE JEFFREY,318.5,5812,San Francisco
TX00546,2025-06-14 12:56:08,CUST774,AMZ*ADAMS GROU PORT KIMBERLYTOWN,214.45,5999,New York
TX00547,2025-06-14 21:31:41,CUST559,LYF*BUCK-HOLLA EAST JOHNNYPORT,293.21,5945,Montreal
TX00548,2025-06-14 23:44:48,CUST990,"APL*RASMUSSEN, YORKMOUTH",274.1,5912,Chicago
TX00549,2025-06-14 17:21:22,CUST931,LYF*ROBINSON-T SILVATOWN,320.9,5411,New York
TX00550,2025-06-14 15:02:02,CUST887,"AMZ*KEY, LEVY  KENNETHVILLE",334.02,5812,Chicago
TX00551,2025-06-14 18:28:13,CUST727,ABT*BROWN-MCNE MICHELLEVIEW,491.89,5732,Chicago
TX00552,2025-06-14 23:18:15,CUST509,"GOOGL*DAWSON, ST NEW KATHY",57.44,5411,San Francisco
TX00553,2025-06-14 11:47:04,CUST327,LYF*TRUJILLO P GUERREROBERG,261.8,5945,Chicago
TX00554,2025-06-14 22:44:46,CUST689,"AMZ*JOHNSON, J SULLIVANTON",190.19,5999,Chicago
TX00555,2025-06-14 20:45:18,CUST702,"APL*ERICKSON,  LAKE AMANDA",79.62,5411,Vancouver
TX00556,2025-06-14 23:49:53,CUST207,GOOGL*KNOX-POWER MEGANSIDE,460.67,5411,New York
TX00557,2025-06-15 09:49:06,CUST951,APL*CARTER GRO LAKE JONATHAN,177.42,5912,Vancouver
TX00558,2025-06-14 20:00:12,CUST903,"AMZ*HINES, WHI DESTINYBURY",244.05,5999,New York
TX00559,2025-06-14 13:36:29,CUST548,APL*WALKER-SAV FRENCHMOUTH,228.96,5411,San Francisco
TX00560,2025-06-15 10:47:11,CUST145,APL*GREEN-CART SOUTH BRIANSHIRE,16.18,5912,Chicago
TX00561,2025-06-15 08:59:33,CUST211,"APL*BLACKBURN, PORT ERINHAVEN",465.31,5732,Toronto
TX00562,2025-06-14 18:52:56,CUST628,AMZ*GUTIERREZ- EAST VICTORIA,84.27,5945,Vancouver
TX00563,2025-06-15 00:13:45,CUST573,AMZ*ORTIZ-HUDS THOMASBURGH,316.73,5812,Chicago
TX00564,2025-06-15 00:34:26,CUST773,UBR*FREEMAN LT WEST CYNTHIA,19.45,5945,Toronto
TX00565,2025-06-14 23:20:13,CUST560,LYF*HAYES AND  NEW KATHY,197.47,5732,Toronto
TX00566,2025-06-14 11:35:07,CUST310,GOOGL*GLOVER-CHA NEW RYAN,353.36,5411,Montreal
TX00567,2025-06-15 08:10:10,CUST204,LYF*POWELL-SAN SMITHSIDE,186.07,5812,Vancouver
TX00568,2025-06-14 14:33:25,CUST216,GOOGL*CROSS INC KATHERINEHAVEN,432.01,5945,Chicago
TX00569,2025-06-15 00:49:36,CUST420,LYF*SMITH INC EAST HEATHER,307.6,5945,New York
TX00570,2025-06-14 22:18:23,CUST456,GOOGL*COLLINS-GA GARYTON,310.59,5732,Chicago
TX00571,2025-06-14 16:36:14,CUST919,GOOGL*FRY-BRYANT RYANBERG,297.13,5732,Toronto
TX00572,2025-06-15 06:17:25,CUST420,ABT*FERRELL-HE EAST STACY,156.16,5812,San Francisco
TX00573,2025-06-14 20:22:41,CUST810,AMZ*SMITH-WALK EAST JESSICA,197.29,5945,Toronto
TX00574,2025-06-14 23:34:27,CUST688,"UBR*WAGNER, MA SOUTH NANCYVIEW",96.95,5732,Montreal
TX00575,2025-06-15 08:40:09,CUST810,"APL*DEAN, WHEE LAKE MARYTON",279.68,5999,San Francisco
TX00576,2025-06-15 03:31:23,CUST243,"AMZ*WILSON, WA THOMASBERG",421.78,5945,New York
TX00577,2025-06-15 14:37:39,CUST986,GOOGL*NEAL LTD WEST ROBERTVILLE,244.88,5812,Vancouver
TX00578,2025-06-14 15:11:56,CUST675,"LYF*MEYER, DEA RIVASVILLE",250.01,5732,Vancouver
TX00579,2025-06-14 22:48:59,CUST525,"APL*HIGGINS, W SOUTH JAMESBOROUGH",246.91,5411,Montreal
TX00580,2025-06-15 04:20:31,CUST131,AMZ*DECKER-DUD JADEPORT,21.18,5812,Montreal
TX00581,2025-06-14 22:19:33,CUST395,AMZ*WILLIAMS G LAKE SARAH,285.0,5999,Montreal
TX00582,2025-06-14 18:07:29,CUST623,ABT*YOUNG-SMIT NORTH MARYFORT,61.53,5945,San Francisco
TX00583,2025-06-14 11:18:20,CUST655,ABT*HERRING PL LAKE JENNIFERVIEW,360.9,5945,Toronto
TX00584,2025-06-14 12:10:48,CUST535,"ABT*HALL, HINT WILLIAMSBURGH",415.89,5812,San Francisco
TX00585,2025-06-14 22:36:08,CUST995,ABT*PHELPS LLC RONALDVILLE,135.09,5411,Vancouver
TX00586,2025-06-15 06:20:59,CUST986,ABT*YORK INC PORT DEVONBURGH,108.89,5732,Montreal
TX00587,2025-06-14 13:05:56,CUST805,GOOGL*HOWARD-KIM NATALIELAND,307.08,5999,Toronto
TX00588,2025-06-15 07:27:13,CUST730,AMZ*BRIGGS-WHI ROSSMOUTH,407.7,5411,Montreal
TX00589,2025-06-15 04:44:33,CUST459,LYF*HOUSTON-VA MARSHBURGH,300.44,5812,San Francisco
TX00590,2025-06-15 04:26:32,CUST820,GOOGL*ANDERSON L PORT ERIKCHESTER,288.5,5945,Chicago
TX00591,2025-06-15 10:02:24,CUST934,"ABT*WEBB, CARR MAXWELLTOWN",481.57,5999,New York
TX00592,2025-06-15 10:21:24,CUST383,"APL*HOBBS, ACO KNAPPVILLE",352.21,5812,Toronto
TX00593,2025-06-15 03:14:58,CUST249,APL*ALEXANDER- ALEXANDERHAVEN,415.1,5732,Vancouver
TX00594,2025-06-14 17:57:11,CUST601,"AMZ*RAY, CUNNI APRILVILLE",318.04,5732,Vancouver
TX00595,2025-06-15 12:13:37,CUST484,UBR*STANLEY-WR ELIZABETHFURT,318.65,5411,Vancouver
TX00596,2025-06-15 04:50:48,CUST627,APL*COMBS PLC NORTH DAWNBURGH,348.88,5912,Vancouver
TX00597,2025-06-14 17:47:17,CUST599,"GOOGL*ALLISON, C PORT TRAVISBURY",6.22,5732,New York
TX00598,2025-06-14 15:51:46,CUST848,UBR*CORDOVA-WI NEW DAWN,333.75,5912,New York
TX00599,2025-06-15 00:29:46,CUST914,LYF*MONTOYA-MI SOLISMOUTH,112.83,5999,Toronto
TX00600,2025-06-15 03:13:17,CUST606,GOOGL*GATES GROU DAVIDFORT,415.03,5912,Montreal
TX00601,2025-06-14 18:21:50,CUST691,"AMZ*VALDEZ, GA PORT CHRISTOPHERPORT",426.95,5912,Chicago
TX00602,2025-06-15 13:18:14,CUST880,"ABT*HART, PENA MICHAELTON",54.29,5999,New York
TX00603,2025-06-14 22:54:35,CUST227,AMZ*RICHARD LL MORANSTAD,230.98,5999,Toronto
TX00604,2025-06-14 15:18:39,CUST805,"AMZ*CHAVEZ, DA WEST MICHAELPORT",154.42,5912,New York
TX00605,2025-06-15 05:51:36,CUST770,"GOOGL*BOYD, PARK SOUTH DONALD",45.8,5732,Chicago
TX00606,2025-06-15 00:32:46,CUST269,"ABT*NEWTON, OR EAST DAVID",314.67,5732,Chicago
TX00607,2025-06-14 23:20:55,CUST873,AMZ*LEWIS-SUMM LAKE MATTHEW,329.47,5732,New York
TX00608,2025-06-14 21:36:59,CUST101,AMZ*WILLIAMS-S PORT PATRICIAMOUTH,43.58,5945,Toronto
TX00609,2025-06-14 22:46:20,CUST631,"APL*LAWRENCE,  NEW JILLSIDE",9.6,5732,San Francisco
TX00610,2025-06-14 23:36:02,CUST936,ABT*ROBERSON-W LAKE BETH,348.55,5999,New York
TX00611,2025-06-15 11:43:27,CUST334,"UBR*OCHOA, GAR WILLIAMFURT",366.73,5411,New York
TX00612,2025-06-15 04:04:52,CUST420,GOOGL*PETTY-MOON WEST RAYMOND,72.88,5812,Chicago
TX00613,2025-06-15 12:29:09,CUST793,AMZ*WALLER-CHA EAST ROBERT,267.6,5411,Montreal
TX00614,2025-06-14 22:57:11,CUST765,"AMZ*TANNER, HU JENNIFERSIDE",178.84,5812,Chicago
TX00615,2025-06-14 23:59:12,CUST866,"AMZ*ROBINSON,  SAMANTHABERG",309.96,5999,Toronto
TX00616,2025-06-15 09:52:44,CUST188,"ABT*SANTOS, MU JENNIFERSTAD",377.46,5945,Chicago
TX00617,2025-06-14 23:20:35,CUST493,"GOOGL*CASTILLO,  CRAIGSIDE",160.68,5812,Toronto
TX00618,2025-06-15 11:54:33,CUST383,APL*RICH-HENDE NEW DANIELFURT,127.84,5945,Montreal
TX00619,2025-06-15 04:36:10,CUST838,LYF*BROWN INC WEST KAREN,390.59,5732,New York
TX00620,2025-06-15 03:59:38,CUST968,APL*TERRELL LT DWAYNETON,106.7,5945,Montreal
TX00621,2025-06-15 00:42:48,CUST293,"APL*MUELLER, H LISAVILLE",151.29,5411,Toronto
TX00622,2025-06-15 10:52:18,CUST606,"UBR*PARRISH, S YOUNGPORT",124.34,5732,Montreal
TX00623,2025-06-15 14:32:14,CUST172,"LYF*BECK, HOUS TAMMYTON",493.51,5912,Toronto
TX00624,2025-06-14 23:39:12,CUST496,LYF*MANNING AN GREERSTAD,185.88,5732,Toronto
TX00625,2025-06-15 12:19:08,CUST881,"UBR*PAYNE, MOR WEST SHANE",13.26,5411,New York
TX00626,2025-06-15 13:31:35,CUST368,"AMZ*JONES, RIV SOUTH BILLYVIEW",461.68,5999,Montreal
TX00627,2025-06-14 13:01:50,CUST393,"APL*BAKER, MAR WEST STEVENBERG",253.02,5999,Vancouver
TX00628,2025-06-15 11:58:32,CUST818,UBR*HERNANDEZ  PORT SARAHPORT,322.07,5945,Montreal
TX00629,2025-06-15 11:55:58,CUST256,GOOGL*TYLER-PIER PORT JASMINEHAVEN,158.4,5945,Toronto
TX00630,2025-06-14 19:26:50,CUST927,AMZ*KRUEGER PL PORT WILLIAMCHESTER,166.74,5945,Chicago
TX00631,2025-06-14 14:10:48,CUST881,"APL*HERRERA, D LAKE MARTIN",323.36,5912,Chicago
TX00632,2025-06-15 06:17:17,CUST547,APL*CARTER-CLE BARAJASTOWN,33.66,5411,Vancouver
TX00633,2025-06-14 16:41:01,CUST218,UBR*CALDWELL G LAKE CHRISTINA,306.37,5912,Chicago
TX00634,2025-06-14 12:00:36,CUST859,"APL*SANCHEZ, W MOONVILLE",91.94,5411,Chicago
TX00635,2025-06-15 14:33:48,CUST240,APL*SCOTT-RAMS NEW LYNNSTAD,86.1,5912,Montreal
TX00636,2025-06-15 05:32:15,CUST629,"APL*LANG, GRIF WEST WILLIE",87.65,5812,Chicago
TX00637,2025-06-14 12:17:28,CUST899,GOOGL*JACKSON PL LAKE CAMERONBOROUGH,443.78,5411,San Francisco
TX00638,2025-06-15 05:04:26,CUST926,"UBR*COLEMAN, G LUCASLAND",264.31,5912,Chicago
TX00639,2025-06-15 12:10:14,CUST690,"APL*PARKS, JOH NORTH CHARLESBURGH",250.59,5945,San Francisco
TX00640,2025-06-14 18:20:13,CUST156,UBR*GRANT-ANDR WEST RICKEY,87.61,5812,San Francisco
TX00641,2025-06-14 18:04:52,CUST891,ABT*MCCOY-HAMI SOUTH EMILYSIDE,338.69,5411,Toronto
TX00642,2025-06-15 14:52:59,CUST858,LYF*MAY PLC PORT JULIETON,26.8,5411,Toronto
TX00643,2025-06-15 01:43:28,CUST147,"UBR*CHARLES, H KRISTINPORT",194.57,5812,Toronto
TX00644,2025-06-14 18:50:50,CUST978,"ABT*MILLER, HU SHORTTOWN",402.54,5732,Chicago
TX00645,2025-06-15 06:48:08,CUST771,UBR*MOORE-ROBI ROBLESSIDE,164.29,5999,Chicago
TX00646,2025-06-15 12:08:27,CUST427,GOOGL*CHOI-THOMA SUSANTOWN,287.91,5411,Montreal
TX00647,2025-06-15 08:26:48,CUST789,"ABT*BAXTER, TH MEDINALAND",115.48,5945,New York
TX00648,2025-06-14 22:02:35,CUST510,ABT*CLARK-FIGU JASONHAVEN,433.69,5912,San Francisco
TX00649,2025-06-14 22:20:49,CUST188,LYF*MARTIN AND JAMESBURGH,8.94,5812,San Francisco
TX00650,2025-06-14 12:02:58,CUST677,"GOOGL*MARSH, PHE NEWMANLAND",313.25,5999,San Francisco
TX00651,2025-06-15 07:51:41,CUST705,UBR*POWERS-KIN LAKE BEVERLY,367.57,5945,Toronto
TX00652,2025-06-15 00:02:51,CUST254,ABT*HOWARD-LAM NORTH JUSTIN,16.84,5945,San Francisco
TX00653,2025-06-15 14:37:38,CUST751,APL*MCCULLOUGH HAYESPORT,475.74,5411,Chicago
TX00654,2025-06-14 12:29:58,CUST485,"APL*SILVA, CUN SUSANBURGH",157.22,5812,Montreal
TX00655,2025-06-14 21:03:44,CUST343,UBR*EDWARDS AN HILLSTAD,480.79,5812,Chicago
TX00656,2025-06-15 13:22:41,CUST386,ABT*FRAZIER LL FORDSTAD,461.03,5945,Vancouver
TX00657,2025-06-14 22:17:04,CUST817,GOOGL*TUCKER-ROD PORT JUANBERG,487.4,5411,Montreal
TX00658,2025-06-15 10:06:56,CUST197,"LYF*GONZALEZ,  NORTH MELISSATOWN",320.42,5999,New York
TX00659,2025-06-15 12:42:32,CUST706,"LYF*RILEY, HAM NEW JORGESIDE",220.32,5812,Toronto
TX00660,2025-06-15 03:30:27,CUST398,GOOGL*VALDEZ-HER WALKERSHIRE,463.39,5999,Chicago
TX00661,2025-06-15 03:05:53,CUST951,"APL*VINCENT, A SOUTH MICHAELTOWN",162.44,5912,Toronto
TX00662,2025-06-15 10:01:15,CUST176,"AMZ*ALLEN, MAY PORT WILLIE",391.07,5945,New York
TX00663,2025-06-15 08:59:31,CUST259,ABT*MOORE-KNIG LAKE JESSICA,227.54,5912,Vancouver
TX00664,2025-06-15 01:55:54,CUST223,LYF*WILLIAMS-J NORTH JOSEPH,482.49,5812,Vancouver
TX00665,2025-06-15 05:19:40,CUST415,UBR*WILLIAMS A PAULMOUTH,426.98,5411,Toronto
TX00666,2025-06-15 03:54:01,CUST926,APL*WILLIAMS L DAKOTAHAVEN,414.06,5732,Montreal
TX00667,2025-06-15 03:02:31,CUST141,"AMZ*GALLEGOS,  SOUTH DESIREE",78.42,5732,Toronto
TX00668,2025-06-14 20:16:55,CUST464,UBR*MATTHEWS-V NEW JOHNBURY,29.23,5912,San Francisco
TX00669,2025-06-15 13:50:42,CUST939,"AMZ*SULLIVAN,  EATONTOWN",476.29,5999,Montreal
TX00670,2025-06-15 05:52:47,CUST866,"LYF*MACIAS, GO JASONBURGH",51.89,5411,Toronto
TX00671,2025-06-15 12:43:52,CUST224,ABT*COX LTD LAKE JERRYMOUTH,416.03,5812,Toronto
TX00672,2025-06-15 01:25:25,CUST302,"UBR*WILSON, LE LAKE MARTHA",344.71,5732,New York
TX00673,2025-06-15 05:33:11,CUST696,LYF*SANCHEZ AN EAST CRYSTAL,459.13,5411,New York
TX00674,2025-06-14 15:27:25,CUST166,AMZ*MACDONALD  EAST JONATHANBURGH,224.5,5812,New York
TX00675,2025-06-15 10:30:56,CUST967,"GOOGL*MULLEN, GR LAKE JESSICAPORT",26.13,5999,New York
TX00676,2025-06-14 23:12:21,CUST272,LYF*ROBINSON P DILLONBURGH,411.73,5999,Vancouver
TX00677,2025-06-14 14:06:05,CUST130,UBR*GREER PLC PORT BRANDI,216.2,5912,Toronto
TX00678,2025-06-15 04:47:14,CUST291,GOOGL*HANSON PLC GARYMOUTH,225.78,5812,New York
TX00679,2025-06-14 16:30:47,CUST728,LYF*CARLSON-JO CRUZVILLE,126.66,5912,Vancouver
TX00680,2025-06-14 21:32:08,CUST521,LYF*HARRIS PLC SERRANOVILLE,35.18,5912,Vancouver
TX00681,2025-06-15 07:42:52,CUST240,UBR*ALVAREZ PL PORT AMANDAVILLE,323.11,5945,Toronto
TX00682,2025-06-15 14:15:56,CUST745,LYF*OLSON AND  PORT ERIKACHESTER,494.75,5732,San Francisco
TX00683,2025-06-14 21:19:48,CUST591,"LYF*FISHER, GO PEREZFORT",175.3,5945,Montreal
TX00684,2025-06-15 05:07:49,CUST429,UBR*BELL-BALLA SOUTH DENNISFORT,94.01,5912,Montreal
TX00685,2025-06-15 04:44:53,CUST324,ABT*KENT INC CARMENSIDE,34.0,5999,Montreal
TX00686,2025-06-15 06:30:07,CUST466,LYF*SCOTT-SMIT NEW ALEXANDRAHAVEN,487.12,5411,Toronto
TX00687,2025-06-15 05:16:21,CUST772,AMZ*BROOKS AND ROBERTVILLE,269.18,5732,New York
TX00688,2025-06-14 18:00:58,CUST882,AMZ*SIMMONS PL JOSESIDE,424.02,5999,San Francisco
TX00689,2025-06-15 08:33:54,CUST959,AMZ*CUNNINGHAM FISCHERCHESTER,122.09,5912,Chicago
TX00690,2025-06-14 17:26:18,CUST814,"GOOGL*BOWERS, OL KINGPORT",18.96,5732,San Francisco
TX00691,2025-06-15 09:48:10,CUST681,"LYF*COOPER, TH LAKE JERRYBURGH",283.74,5812,Vancouver
TX00692,2025-06-15 08:35:05,CUST655,GOOGL*LEWIS GROU LAURENTON,247.77,5411,New York
TX00693,2025-06-15 07:00:36,CUST338,LYF*PRICE LTD PORT CHRISTOPHERBERG,14.86,5999,New York
TX00694,2025-06-15 07:38:29,CUST439,LYF*FROST-GRAH WEST JEFFREYLAND,404.19,5912,Chicago
TX00695,2025-06-15 12:48:29,CUST281,"GOOGL*JOHNSON, C JENNIFERTON",15.85,5945,Chicago
TX00696,2025-06-14 19:48:53,CUST245,ABT*BOWMAN GRO EAST MELISSAHAVEN,431.03,5411,San Francisco
TX00697,2025-06-15 00:34:24,CUST821,APL*LEE-BOWERS NEW GAVIN,295.08,5912,San Francisco
TX00698,2025-06-15 09:14:31,CUST430,AMZ*WARD LTD EAST CHRISTOPHERVIEW,367.51,5999,Chicago
TX00699,2025-06-15 03:25:29,CUST598,APL*GOMEZ-FOST NEW ALEXIS,91.23,5945,Chicago
TX00700,2025-06-15 06:50:55,CUST728,"GOOGL*JONES, DAV MICHAELVIEW",334.44,5812,Vancouver
TX00701,2025-06-14 13:54:33,CUST414,APL*OBRIEN AND SPEARSSHIRE,150.79,5812,Chicago
TX00702,2025-06-14 18:07:13,CUST101,APL*GREEN GROU NEW CHARLESPORT,198.84,5945,New York
TX00703,2025-06-15 03:23:26,CUST286,LYF*ARROYO-PRA NANCYSHIRE,460.91,5945,Toronto
TX00704,2025-06-15 11:11:10,CUST754,LYF*BENSON-CHU CARRILLOMOUTH,468.66,5812,San Francisco
TX00705,2025-06-15 06:18:41,CUST863,ABT*MALDONADO- SOUTH DARRENLAND,176.67,5912,Toronto
TX00706,2025-06-14 13:09:50,CUST751,ABT*SCHULTZ-GA PORT LESLIE,336.66,5732,San Francisco
TX00707,2025-06-15 05:19:14,CUST557,ABT*BLACK-SMIT JOHNLAND,108.79,5732,New York
TX00708,2025-06-15 11:02:35,CUST458,GOOGL*NUNEZ-NICH NEW SARAHFORT,361.6,5411,Vancouver
TX00709,2025-06-14 23:41:51,CUST548,APL*GOMEZ-SHAN IANBOROUGH,484.71,5999,Vancouver
TX00710,2025-06-14 19:05:47,CUST487,GOOGL*MCLAUGHLIN PORT JOSEPH,190.8,5999,Montreal
TX00711,2025-06-15 06:45:48,CUST766,APL*HARRIS AND ERICVILLE,85.51,5411,New York
TX00712,2025-06-15 03:22:21,CUST401,ABT*MORA LTD AUSTINSIDE,134.26,5411,New York
TX00713,2025-06-15 01:18:23,CUST450,AMZ*CHARLES LL TRAVISSHIRE,84.65,5411,Montreal
TX00714,2025-06-14 17:20:55,CUST195,GOOGL*HENRY-JOYC RAYMONDSHIRE,492.71,5999,Chicago
TX00715,2025-06-14 15:10:42,CUST131,UBR*BROWN GROU AYERSTON,86.67,5999,Toronto
TX00716,2025-06-15 02:55:18,CUST154,"ABT*REED, DALT BRAYHAVEN",106.75,5812,Vancouver
TX00717,2025-06-14 12:41:17,CUST813,LYF*STEWART-SM SOUTH BIANCA,463.16,5945,San Francisco
TX00718,2025-06-15 04:08:55,CUST776,GOOGL*WARD-HENSL NEW JOSE,122.59,5411,Vancouver
TX00719,2025-06-14 21:06:06,CUST685,LYF*RUIZ-AUSTI IVANCHESTER,81.03,5912,New York
TX00720,2025-06-15 04:15:08,CUST537,ABT*BARNES LLC MELISSAVIEW,412.83,5732,Montreal
TX00721,2025-06-15 11:26:43,CUST591,AMZ*WHITE-ANDE PORT CORY,17.74,5812,Chicago
TX00722,2025-06-14 21:44:04,CUST398,ABT*BROCK-PETE GONZALEZBERG,422.67,5912,Vancouver
TX00723,2025-06-14 14:54:32,CUST582,UBR*SHAFFER-TH TAYLORHAVEN,136.18,5732,Montreal
TX00724,2025-06-15 01:28:05,CUST496,"AMZ*LE, FLOYD  SOUTH COREYBURGH",443.32,5912,Toronto
TX00725,2025-06-15 05:23:25,CUST556,ABT*LEWIS LLC COMBSVILLE,222.67,5912,Toronto
TX00726,2025-06-14 18:25:59,CUST957,GOOGL*GARNER-GRE ANNVIEW,35.51,5732,Chicago
TX00727,2025-06-14 14:39:01,CUST199,ABT*SMITH-MART NEW BARBARA,175.18,5945,Vancouver
TX00728,2025-06-15 06:41:35,CUST874,"LYF*RYAN, KRAU EMILYFORT",279.03,5999,Montreal
TX00729,2025-06-14 13:57:40,CUST528,"LYF*GRIFFIN, M WELCHBERG",434.11,5999,Montreal
TX00730,2025-06-15 04:05:44,CUST341,UBR*DAVIDSON L WELCHSHIRE,44.08,5732,New York
TX00731,2025-06-14 20:09:35,CUST614,LYF*SWEENEY-JO WEST JEREMY,401.22,5732,Montreal
TX00732,2025-06-14 11:24:29,CUST250,ABT*DELGADO-PA NELSONMOUTH,227.27,5812,Toronto
TX00733,2025-06-15 10:22:56,CUST927,AMZ*ADKINS-MEY GUTIERREZBURGH,26.12,5411,Chicago
TX00734,2025-06-14 16:08:24,CUST545,AMZ*MARTINEZ A SHELBYLAND,78.2,5945,San Francisco
TX00735,2025-06-15 12:32:12,CUST427,APL*JACKSON IN NORTH SHARONFORT,48.08,5945,Vancouver
TX00736,2025-06-15 04:55:13,CUST665,"GOOGL*BROWN, WIS NORTH JOSEBERG",262.25,5411,Chicago
TX00737,2025-06-14 19:57:02,CUST738,LYF*PENA GROUP JEROMEPORT,391.93,5411,Vancouver
TX00738,2025-06-14 18:20:51,CUST253,AMZ*SIMS-ANDER NORTH AUSTIN,296.03,5411,New York
TX00739,2025-06-15 04:33:37,CUST676,ABT*DALTON-NGU MCDONALDSIDE,434.4,5912,Vancouver
TX00740,2025-06-14 15:08:11,CUST370,UBR*DUNN-TAYLO NEW CARLA,245.36,5945,Vancouver
TX00741,2025-06-15 04:56:56,CUST138,"AMZ*CURRY, WIL REGINAFORT",204.47,5945,Montreal
TX00742,2025-06-15 00:21:01,CUST797,"APL*PEREZ, DAV GREENPORT",24.2,5912,Chicago
TX00743,2025-06-14 11:49:29,CUST343,ABT*SMITH AND  JUSTINSIDE,240.23,5912,San Francisco
TX00744,2025-06-15 03:56:33,CUST120,GOOGL*WATTS GROU EVANSCHESTER,158.92,5999,Chicago
TX00745,2025-06-15 06:40:37,CUST801,ABT*HARPER-ROB JACOBSIDE,71.52,5732,Vancouver
TX00746,2025-06-15 05:10:02,CUST892,GOOGL*FOSTER-MAR CLAYTONBURY,365.76,5945,Chicago
TX00747,2025-06-14 22:53:39,CUST191,AMZ*MILLER-GAR JUSTINSIDE,109.64,5999,Chicago
TX00748,2025-06-15 01:21:46,CUST596,LYF*GUTIERREZ- EAST KEITH,411.4,5945,Toronto
TX00749,2025-06-14 13:08:31,CUST167,"GOOGL*GIBSON, CH LOPEZTOWN",255.86,5812,Montreal
TX00750,2025-06-15 08:39:03,CUST682,ABT*WILLIAMS P EAST TERESAPORT,100.42,5812,New York
TX00751,2025-06-14 22:21:28,CUST355,ABT*MARTINEZ-G EAST CHRISTOPHERTOWN,30.03,5912,Chicago
TX00752,2025-06-15 01:33:55,CUST303,GOOGL*ROBINSON-F BOLTONMOUTH,412.64,5945,Vancouver
TX00753,2025-06-14 14:10:33,CUST750,"ABT*MOODY, RIV NORTH JOSEPH",20.13,5912,Vancouver
TX00754,2025-06-15 08:30:39,CUST708,UBR*JONES-HARR PORT JOHN,480.46,5999,Montreal
TX00755,2025-06-15 02:26:34,CUST664,GOOGL*CLAYTON-MA SOUTH KELSEY,85.94,5912,Chicago
TX00756,2025-06-15 11:41:08,CUST950,APL*WRIGHT-VAN SOUTH JILL,146.11,5999,New York
TX00757,2025-06-15 07:10:24,CUST266,LYF*BOYD AND S PRICEPORT,429.27,5732,Toronto
TX00758,2025-06-15 05:10:46,CUST793,AMZ*MOORE-CHAN WEST TIMOTHYPORT,327.54,5945,New York
TX00759,2025-06-15 14:39:09,CUST985,APL*WARD INC NORTH JOEL,239.68,5812,Chicago
TX00760,2025-06-15 14:40:06,CUST277,LYF*NGUYEN-JAC BRENDAFURT,115.77,5945,San Francisco
TX00761,2025-06-14 15:34:30,CUST829,APL*SMITH INC BARKERBERG,141.31,5999,San Francisco
TX00762,2025-06-15 07:01:54,CUST570,GOOGL*TOWNSEND-W DAVISMOUTH,236.02,5732,Montreal
TX00763,2025-06-15 00:31:00,CUST944,"LYF*BROWN, KEL EAST TONYMOUTH",294.32,5411,Montreal
TX00764,2025-06-14 18:32:04,CUST778,"GOOGL*KRAMER, SH QUINNTOWN",325.43,5945,San Francisco
TX00765,2025-06-15 11:02:26,CUST405,"APL*GRAY, RAMS SOUTH JASMINESIDE",243.46,5912,San Francisco
TX00766,2025-06-15 04:53:44,CUST755,GOOGL*DANIELS-HE NEW MICHAEL,134.27,5732,Chicago
TX00767,2025-06-15 09:31:04,CUST405,"AMZ*MCDONALD,  NORTH AMANDA",261.06,5812,New York
TX00768,2025-06-15 00:15:50,CUST924,LYF*PHILLIPS-B SHAWNHAVEN,331.96,5732,Toronto
TX00769,2025-06-14 15:06:51,CUST838,ABT*GROSS-ANDR KIMBERLYBURY,251.2,5912,San Francisco
TX00770,2025-06-15 00:50:24,CUST528,UBR*LE-BARRETT LEEFORT,369.68,5945,Chicago
TX00771,2025-06-15 02:28:56,CUST685,"AMZ*MOORE, CAM DANIELHAVEN",364.64,5812,Chicago
TX00772,2025-06-14 21:39:20,CUST647,"APL*JONES, CON EAST DANIELBOROUGH",453.73,5732,San Francisco
TX00773,2025-06-15 08:47:15,CUST619,GOOGL*JOHNSON LT BARRETTHAVEN,421.12,5945,Toronto
TX00774,2025-06-14 21:50:09,CUST400,"ABT*MILES, SCO NORTH SARAHBOROUGH",68.33,5912,Chicago
TX00775,2025-06-14 11:11:58,CUST927,"LYF*HENRY, PRE WEST ANGELACHESTER",456.75,5732,San Francisco
TX00776,2025-06-15 06:53:04,CUST770,ABT*BAUER-BROW ALLISONLAND,180.87,5732,San Francisco
TX00777,2025-06-15 01:26:38,CUST530,GOOGL*MILLER-LEW NORTH JESSICASIDE,133.98,5912,Vancouver
TX00778,2025-06-14 21:50:41,CUST971,ABT*LOPEZ-FOX NEW COLLEEN,31.57,5732,Montreal
TX00779,2025-06-15 12:23:01,CUST694,LYF*HANSEN PLC REESESHIRE,238.75,5812,Montreal
TX00780,2025-06-15 01:04:49,CUST222,APL*CRAIG-PARK ANDRADEBURGH,267.27,5999,New York
TX00781,2025-06-15 09:58:31,CUST991,AMZ*PIERCE PLC DIANESIDE,496.21,5912,Vancouver
TX00782,2025-06-15 09:45:43,CUST683,"UBR*RAMOS, GOM MEGANCHESTER",161.61,5732,Toronto
TX00783,2025-06-14 21:13:27,CUST897,"ABT*JORDAN, SW SOUTH KATIE",169.65,5812,San Francisco
TX00784,2025-06-15 14:48:18,CUST749,"ABT*KING, NIXO SMITHTON",228.77,5812,Toronto
TX00785,2025-06-14 21:09:06,CUST690,AMZ*LARSON-HOL ADAMBURY,393.68,5411,Toronto
TX00786,2025-06-14 15:54:43,CUST729,UBR*FOLEY INC SAMANTHAHAVEN,217.56,5999,Vancouver
TX00787,2025-06-15 13:36:11,CUST492,"ABT*DUNCAN, DU KELLYBERG",269.22,5732,San Francisco
TX00788,2025-06-14 11:25:14,CUST114,GOOGL*RICHARDSON WEST LISA,417.45,5812,New York
TX00789,2025-06-14 16:09:34,CUST792,ABT*DUNCAN PLC LAKE CHRIS,368.13,5812,Chicago
TX00790,2025-06-15 03:36:49,CUST998,GOOGL*MCGUIRE-TH NEW DAWNTON,68.82,5999,Montreal
TX00791,2025-06-15 08:53:44,CUST702,"GOOGL*STOKES, JA MICHAELCHESTER",37.32,5411,San Francisco
TX00792,2025-06-14 12:28:37,CUST397,UBR*CONRAD-MAR LAKE DENISE,262.54,5945,San Francisco
TX00793,2025-06-15 10:06:19,CUST544,"APL*MCFARLAND, WEST ALICEMOUTH",174.65,5999,San Francisco
TX00794,2025-06-15 08:58:24,CUST868,AMZ*CUNNINGHAM NORTH EMILY,474.3,5999,New York
TX00795,2025-06-14 12:30:04,CUST333,AMZ*MADDOX-MUL EAST RYANFURT,492.52,5812,Chicago
TX00796,2025-06-14 20:36:12,CUST122,LYF*ANDERSON I DUNCANTON,88.65,5912,Chicago
TX00797,2025-06-15 01:18:58,CUST766,"ABT*ROSS, MILL PORT DENNIS",438.89,5912,Montreal
TX00798,2025-06-14 17:21:09,CUST738,"ABT*GONZALEZ,  EAST CHARLES",497.37,5732,New York
TX00799,2025-06-15 13:13:13,CUST769,ABT*MORRIS-GLA NORTH EMILYCHESTER,346.43,5999,Vancouver
TX00800,2025-06-14 19:03:02,CUST489,ABT*BAILEY-FLO PORT KEVINSTAD,130.11,5732,Toronto
TX00801,2025-06-14 14:00:34,CUST310,"APL*UNDERWOOD, WILLIAMSBURY",317.0,5912,Vancouver
TX00802,2025-06-14 14:51:23,CUST777,ABT*JENNINGS A NORTH JODIBURY,262.55,5945,Montreal
TX00803,2025-06-14 23:43:39,CUST817,"AMZ*MCINTOSH,  WEST HEATHERVILLE",416.17,5411,Montreal
TX00804,2025-06-15 10:41:24,CUST836,LYF*COLE-JOHNS LAKE AMANDA,144.94,5411,Vancouver
TX00805,2025-06-15 07:42:14,CUST303,LYF*PAYNE LLC DEANBERG,390.09,5945,Toronto
TX00806,2025-06-15 00:03:28,CUST466,"APL*HALE, SMIT WEST GEORGEPORT",151.2,5411,Montreal
TX00807,2025-06-14 13:55:11,CUST608,AMZ*MCCORMICK  BRIANTOWN,466.9,5912,Toronto
TX00808,2025-06-14 14:31:23,CUST102,ABT*PRICE LLC MICHELLETOWN,49.06,5411,Montreal
TX00809,2025-06-15 09:32:47,CUST785,UBR*DILLON-BAN SOUTH WILLIAM,474.98,5945,New York
TX00810,2025-06-15 11:17:19,CUST840,"APL*GARCIA, ST EAST JAMESMOUTH",452.87,5732,Toronto
TX00811,2025-06-15 05:21:36,CUST567,"GOOGL*HOUSE, SMI MATTHEWFURT",234.82,5411,Toronto
TX00812,2025-06-15 04:23:50,CUST995,"ABT*MOORE, REE JOELHAVEN",183.31,5732,San Francisco
TX00813,2025-06-15 10:45:24,CUST536,APL*CAIN-GARRE ZAMORATOWN,52.02,5411,New York
TX00814,2025-06-14 14:49:28,CUST972,"AMZ*AVERY, PER SANDOVALLAND",325.36,5912,San Francisco
TX00815,2025-06-15 05:12:28,CUST548,"LYF*REYES, YU  SOUTH JOHN",439.85,5411,San Francisco
TX00816,2025-06-15 08:19:06,CUST934,GOOGL*SIMMONS LL SHANEBERG,61.35,5999,Vancouver
TX00817,2025-06-14 13:51:29,CUST378,UBR*DELGADO PL PORT DEVIN,426.08,5999,Chicago
TX00818,2025-06-15 10:51:37,CUST916,"AMZ*THORNTON,  LAKE SARAH",70.59,5732,New York
TX00819,2025-06-15 11:12:02,CUST964,AMZ*STEWART PL EAST LONNIEBERG,210.93,5945,Vancouver
TX00820,2025-06-14 14:16:37,CUST921,"LYF*JOHNSON, F TURNERVIEW",221.89,5945,Vancouver
TX00821,2025-06-14 16:43:04,CUST897,GOOGL*MAXWELL IN EAST ANTHONY,19.26,5732,Chicago
TX00822,2025-06-14 21:12:16,CUST233,"UBR*JENSEN, OB EAST GRACE",60.9,5999,Vancouver
TX00823,2025-06-15 05:27:05,CUST147,ABT*MILLER-CHA NEW MEGHAN,329.21,5411,Chicago
TX00824,2025-06-14 19:52:07,CUST989,APL*JOSEPH-BRO HENRYBERG,384.93,5945,Chicago
TX00825,2025-06-14 14:35:18,CUST678,AMZ*LEE INC DURANTOWN,437.21,5945,Montreal
TX00826,2025-06-14 16:28:02,CUST804,APL*CLEMENTS-W PORT JAMES,52.14,5732,Chicago
TX00827,2025-06-15 02:23:17,CUST354,UBR*HO GROUP WATTSMOUTH,333.54,5732,Vancouver
TX00828,2025-06-14 16:39:40,CUST252,LYF*PATTERSON  CORTEZFURT,32.01,5732,Toronto
TX00829,2025-06-14 20:55:25,CUST617,"UBR*CROSBY, AR NEW DANIELMOUTH",435.36,5411,Vancouver
TX00830,2025-06-15 02:55:44,CUST428,AMZ*RICH AND S TERRELLTON,485.22,5411,Montreal
TX00831,2025-06-14 15:33:15,CUST328,"LYF*HUGHES, HU WEST SCOTT",192.43,5812,New York
TX00832,2025-06-14 18:06:47,CUST570,UBR*AYALA-MITC SOUTH KELLY,226.81,5999,Vancouver
TX00833,2025-06-14 20:52:04,CUST423,ABT*VAUGHN AND GALLEGOSMOUTH,373.89,5411,New York
TX00834,2025-06-15 13:40:19,CUST513,UBR*SHARP INC PORT BRENDA,280.78,5411,New York
TX00835,2025-06-14 16:26:13,CUST910,"LYF*PAYNE, LON EAST SHAWNBOROUGH",320.58,5945,Montreal
TX00836,2025-06-14 14:31:44,CUST311,APL*DAVIS-NGUY LAKE JESSICA,230.82,5912,San Francisco
TX00837,2025-06-15 06:51:37,CUST945,ABT*WILSON GRO CHRISTOPHERFURT,422.94,5912,Montreal
TX00838,2025-06-14 17:07:59,CUST885,"LYF*MOODY, HUN PIERCETON",239.2,5732,San Francisco
TX00839,2025-06-15 10:49:30,CUST833,UBR*BARR PLC EAST MISTY,53.23,5732,Toronto
TX00840,2025-06-15 02:02:47,CUST102,GOOGL*HAMMOND IN PARKERMOUTH,415.79,5912,Montreal
TX00841,2025-06-14 13:24:50,CUST634,GOOGL*SIMS-WILSO EAST ADAM,57.63,5812,Vancouver
TX00842,2025-06-14 11:56:33,CUST243,APL*SMITH-JIME STEPHENSTOWN,362.17,5411,San Francisco
TX00843,2025-06-15 08:08:54,CUST725,"AMZ*ANDRADE, Y CHAVEZMOUTH",64.77,5999,Toronto
TX00844,2025-06-14 12:52:45,CUST568,AMZ*BURKE INC NEW JOSHUA,172.28,5999,New York
TX00845,2025-06-14 17:32:19,CUST748,"APL*GRANT, BRY NORTH DENISE",65.99,5999,Vancouver
TX00846,2025-06-14 20:37:09,CUST774,LYF*THOMAS INC MARKLAND,71.64,5999,New York
TX00847,2025-06-15 13:12:29,CUST643,APL*RODRIGUEZ  LAKE JUSTIN,278.85,5999,Montreal
TX00848,2025-06-15 08:31:29,CUST594,"LYF*HOLT, LARS SOUTH KARA",347.45,5812,Chicago
TX00849,2025-06-15 11:12:22,CUST934,AMZ*HUYNH-DAVI MARCUSFURT,196.77,5945,Montreal
TX00850,2025-06-15 00:58:17,CUST429,LYF*CHANG PLC WEST THOMASVILLE,212.24,5945,Chicago
TX00851,2025-06-15 05:00:55,CUST880,AMZ*VILLARREAL LAKE JASON,201.95,5912,San Francisco
TX00852,2025-06-15 09:56:44,CUST563,AMZ*RODRIGUEZ  SOUTH JENNIFERPORT,209.31,5732,Chicago
TX00853,2025-06-14 13:26:09,CUST624,GOOGL*LYNCH-STEW SARASHIRE,276.16,5912,Chicago
TX00854,2025-06-14 15:56:42,CUST854,LYF*STONE-WELC MORTONBURY,112.58,5812,Montreal
TX00855,2025-06-14 13:58:40,CUST831,"GOOGL*ROBERTS, L GARRETTVILLE",175.92,5732,Toronto
TX00856,2025-06-15 08:30:09,CUST827,"APL*CHARLES, M WILLIAMSSTAD",254.43,5732,Chicago
TX00857,2025-06-15 10:46:29,CUST430,"APL*SHAFFER, L JONATHANLAND",381.58,5945,Vancouver
TX00858,2025-06-14 14:41:10,CUST696,LYF*EVANS-PIER NORTH GINAMOUTH,356.51,5732,Chicago
TX00859,2025-06-15 04:33:58,CUST961,LYF*RAMSEY-GIL PORT GREGORYMOUTH,439.35,5999,New York
TX00860,2025-06-15 14:03:23,CUST635,ABT*NIELSEN-ME ROBLESBERG,193.53,5411,Chicago
TX00861,2025-06-15 05:15:22,CUST157,AMZ*MOORE-MURR STEVENCHESTER,376.34,5812,San Francisco
TX00862,2025-06-15 09:38:43,CUST799,"GOOGL*BROWN, MEY ANGELATOWN",420.49,5732,San Francisco
TX00863,2025-06-15 13:48:01,CUST308,LYF*RAY LLC CARLBERG,182.55,5999,New York
TX00864,2025-06-14 12:03:09,CUST730,APL*PITTMAN-MO SIMSBURGH,283.13,5812,Chicago
TX00865,2025-06-15 00:49:03,CUST762,"LYF*OBRIEN, LO JANETMOUTH",122.61,5732,San Francisco
TX00866,2025-06-15 13:15:58,CUST809,"APL*JOHNSON, G WEST SHANNON",463.61,5999,Vancouver
TX00867,2025-06-15 03:35:35,CUST907,APL*ROBINSON-T WEST KRISTENBOROUGH,483.09,5411,New York
TX00868,2025-06-15 07:34:56,CUST861,GOOGL*WALLACE IN STEINBERG,312.18,5999,Toronto
TX00869,2025-06-14 13:08:34,CUST748,APL*PETERSON G KIMBERLYBERG,325.58,5945,Montreal
TX00870,2025-06-15 07:49:24,CUST856,LYF*SHORT PLC EAST JENNY,389.19,5812,San Francisco
TX00871,2025-06-14 14:07:18,CUST559,AMZ*HUGHES-HAN NORTH LARRYTON,41.86,5812,Chicago
TX00872,2025-06-15 01:14:35,CUST626,"ABT*CHARLES, W NORTH ABIGAILPORT",25.11,5912,Montreal
TX00873,2025-06-15 09:07:02,CUST370,AMZ*LANE LLC WEST JAMES,294.07,5912,New York
TX00874,2025-06-14 13:08:15,CUST438,UBR*HILL-FLORE LAMBERTVIEW,469.06,5411,Toronto
TX00875,2025-06-15 13:07:30,CUST430,LYF*MOORE INC NEW ANITAVILLE,387.96,5732,Montreal
TX00876,2025-06-15 04:00:43,CUST963,APL*DANIELS PL JOSEPHPORT,247.82,5945,Montreal
TX00877,2025-06-14 13:12:38,CUST466,"ABT*SANCHEZ, J AMBERTON",162.34,5812,Toronto
TX00878,2025-06-14 20:35:06,CUST633,ABT*JOHNSON LT NORTH PATRICKLAND,83.89,5945,Montreal
TX00879,2025-06-15 02:15:19,CUST513,ABT*MYERS-BUSH JENSENPORT,114.49,5812,Chicago
TX00880,2025-06-15 01:50:25,CUST439,GOOGL*ROTH-MARQU PORT KATHYSHIRE,150.32,5945,Montreal
TX00881,2025-06-14 11:35:32,CUST586,LYF*DAVIS LTD DAVISPORT,490.66,5411,New York
TX00882,2025-06-14 22:45:01,CUST784,"GOOGL*NEWMAN, MI EAST MICHELLE",123.97,5732,Montreal
TX00883,2025-06-15 13:31:29,CUST736,"AMZ*SCOTT, COX KRISTINAMOUTH",342.86,5912,Vancouver
TX00884,2025-06-15 00:55:38,CUST915,ABT*FREEMAN-JO WEST TIMOTHYBURGH,132.01,5732,San Francisco
TX00885,2025-06-15 01:19:29,CUST125,LYF*TATE-MUNOZ NEW DAKOTA,259.58,5945,Vancouver
TX00886,2025-06-15 04:11:01,CUST598,"ABT*ROBLES, NG AMANDAFURT",449.65,5812,San Francisco
TX00887,2025-06-15 11:28:58,CUST626,"ABT*GUTIERREZ, REYESMOUTH",87.86,5945,Montreal
TX00888,2025-06-15 12:35:34,CUST107,APL*CERVANTES  MUELLERCHESTER,109.34,5732,Toronto
TX00889,2025-06-14 23:31:54,CUST985,"APL*COBB, STEP LAKE SARAHSHIRE",418.65,5812,Montreal
TX00890,2025-06-14 11:59:02,CUST948,APL*WILSON-CAR ANGELAMOUTH,388.73,5732,New York
TX00891,2025-06-15 09:22:43,CUST864,APL*PARKER GRO NEW DANIELFURT,16.76,5732,San Francisco
TX00892,2025-06-15 12:18:35,CUST138,ABT*SNYDER-KEL EAST LISASHIRE,31.86,5912,Montreal
TX00893,2025-06-15 06:41:18,CUST172,"LYF*PACHECO, S SCHMIDTFURT",455.94,5999,Vancouver
TX00894,2025-06-15 00:15:04,CUST561,"APL*LANE, GONZ KEVINPORT",219.35,5411,Vancouver
TX00895,2025-06-14 19:30:14,CUST789,ABT*ROBBINS-HE NEW ALANHAVEN,7.92,5732,Montreal
TX00896,2025-06-14 17:39:19,CUST164,APL*ABBOTT-PHE WEST RACHELTON,27.53,5411,San Francisco
TX00897,2025-06-15 04:25:26,CUST614,ABT*WARNER LLC PORT JULIANTOWN,394.51,5912,Montreal
TX00898,2025-06-14 23:02:28,CUST188,GOOGL*REYNOLDS P GARRETTFURT,193.8,5732,New York
TX00899,2025-06-14 19:33:13,CUST585,AMZ*JAMES-GARD SOUTH DON,113.83,5732,Vancouver
TX00900,2025-06-15 04:14:12,CUST915,"LYF*CRUZ, MIDD WEST WHITNEY",480.27,5812,San Francisco
TX00901,2025-06-14 15:23:09,CUST793,"APL*MARTINEZ,  LAKE NICOLE",189.7,5411,Montreal
TX00902,2025-06-15 09:49:45,CUST995,"LYF*KIM, BRANC DALTONCHESTER",66.0,5411,Montreal
TX00903,2025-06-14 19:25:10,CUST710,"UBR*WHITE, HIC CRUZBURY",276.03,5411,San Francisco
TX00904,2025-06-14 11:58:55,CUST315,APL*COLEMAN IN BRADFORDBURY,452.26,5912,Toronto
TX00905,2025-06-14 20:18:54,CUST522,"APL*SHAW, JENK ARTHURTON",75.52,5812,Toronto
TX00906,2025-06-15 07:54:05,CUST731,"GOOGL*WEBB, RICH EAST JESSICAHAVEN",61.74,5732,Montreal
TX00907,2025-06-14 11:37:55,CUST972,ABT*MARSHALL-M EAST THOMASLAND,466.52,5945,Vancouver
TX00908,2025-06-15 12:18:48,CUST760,"LYF*SCHULTZ, Y WEST AMANDATOWN",148.87,5411,San Francisco
TX00909,2025-06-14 12:33:31,CUST200,AMZ*GIBSON-ESC ROBERTPORT,292.39,5912,San Francisco
TX00910,2025-06-14 15:06:41,CUST231,APL*JACKSON-NE JESSICASHIRE,121.09,5912,Montreal
TX00911,2025-06-15 03:24:23,CUST171,AMZ*BROWN-KENN NEW BRETT,245.5,5912,Montreal
TX00912,2025-06-14 13:43:43,CUST775,GOOGL*LAMB-WEBER TODDBERG,294.16,5945,Montreal
TX00913,2025-06-14 23:22:56,CUST473,"GOOGL*JONES, BOW JOSHUAVIEW",88.48,5912,Toronto
TX00914,2025-06-14 13:02:46,CUST904,AMZ*FIGUEROA P NEW JOANNE,371.21,5999,San Francisco
TX00915,2025-06-15 10:05:12,CUST960,"GOOGL*GRIFFIN, M SOUTH HENRY",341.39,5912,Vancouver
TX00916,2025-06-15 01:54:55,CUST573,"UBR*ATKINS, CO NEW SARAH",388.51,5999,Montreal
TX00917,2025-06-14 15:28:22,CUST211,AMZ*MONROE GRO YOUNGMOUTH,305.28,5912,Toronto
TX00918,2025-06-15 05:23:33,CUST651,"AMZ*WALSH, CLA BRIANVIEW",368.1,5732,New York
TX00919,2025-06-15 14:17:54,CUST844,ABT*WILLIAMS G ALVAREZFORT,425.55,5732,New York
TX00920,2025-06-14 17:53:58,CUST932,"LYF*VAUGHAN, N WELLSBERG",205.54,5945,Toronto
TX00921,2025-06-15 05:29:16,CUST137,"LYF*BERG, SMIT REYESMOUTH",274.02,5945,Vancouver
TX00922,2025-06-15 01:39:27,CUST769,"AMZ*VEGA, WILL STEPHANIECHESTER",199.29,5945,Chicago
TX00923,2025-06-15 10:06:07,CUST977,"GOOGL*HULL, GARR LEAHVIEW",235.03,5945,New York
TX00924,2025-06-14 20:41:35,CUST506,"GOOGL*SILVA, MUR LAKE EMILY",10.24,5812,Montreal
TX00925,2025-06-14 11:24:27,CUST800,AMZ*MEYER LTD WEST AMY,259.5,5999,Toronto
TX00926,2025-06-14 18:22:33,CUST283,"LYF*SMITH, JON LAKE SEANBURY",331.41,5812,Chicago
TX00927,2025-06-15 01:54:47,CUST849,"UBR*CAMPBELL,  NORTH SHEENABOROUGH",25.01,5999,Toronto
TX00928,2025-06-15 01:31:33,CUST164,"GOOGL*LITTLE, ER SOUTH DIANA",120.84,5732,Toronto
TX00929,2025-06-15 00:50:47,CUST630,"GOOGL*KNIGHT, CO WEST KENNETH",237.49,5999,New York
TX00930,2025-06-15 03:10:39,CUST140,"APL*MAYER, FOW KAYLAMOUTH",56.1,5945,Chicago
TX00931,2025-06-14 11:57:52,CUST949,GOOGL*MARTIN-JON SOUTH PAULTON,135.34,5945,Montreal
TX00932,2025-06-14 15:10:37,CUST278,UBR*SOSA-BAKER JONESBOROUGH,192.37,5945,Chicago
TX00933,2025-06-14 20:09:55,CUST955,"ABT*LONG, BREW ROBINSONVILLE",129.54,5812,Montreal
TX00934,2025-06-15 02:24:51,CUST515,GOOGL*BALDWIN-GA NORTH ASHLEYVIEW,246.0,5999,Montreal
TX00935,2025-06-15 09:55:01,CUST106,LYF*SMITH-JIME NORTH ELIZABETHVIEW,222.75,5812,New York
TX00936,2025-06-15 04:45:09,CUST626,APL*GRAVES GRO NEW JASMINEFORT,109.7,5812,Toronto
TX00937,2025-06-14 12:51:37,CUST470,LYF*GRAHAM-ANT NEW JEREMIAHFURT,409.39,5732,Toronto
TX00938,2025-06-14 12:45:10,CUST524,"GOOGL*MEYERS, OL MATHEWPORT",61.1,5732,Vancouver
TX00939,2025-06-14 17:27:59,CUST590,AMZ*BROWN-SHEA WEST AMANDAMOUTH,84.82,5999,New York
TX00940,2025-06-15 10:19:13,CUST349,ABT*RANDALL LL EAST ANGELA,288.88,5812,Toronto
TX00941,2025-06-15 13:32:59,CUST744,LYF*GUERRERO-E MOSLEYSTAD,445.94,5812,New York
TX00942,2025-06-15 08:25:18,CUST270,GOOGL*MILLER-CHE EAST AUSTIN,260.74,5999,Montreal
TX00943,2025-06-15 14:17:55,CUST677,APL*CORTEZ PLC SOUTH PAUL,439.86,5732,Chicago
TX00944,2025-06-15 11:51:16,CUST941,"GOOGL*SCHNEIDER, LEVYTOWN",112.21,5945,Vancouver
TX00945,2025-06-15 08:45:59,CUST988,UBR*MORGAN LLC SOUTH DAVIDHAVEN,113.59,5999,Montreal
TX00946,2025-06-15 08:21:16,CUST246,LYF*BENTLEY-BE LAKE BETH,313.49,5945,San Francisco
TX00947,2025-06-14 14:00:54,CUST271,APL*JOHNSON AN VALDEZFORT,174.62,5999,Montreal
TX00948,2025-06-15 06:36:33,CUST704,"ABT*WILLIAMS,  LAKE BRENDAN",192.21,5812,New York
TX00949,2025-06-14 19:56:43,CUST116,AMZ*HOOVER-DAV PORT BRITTANY,430.5,5945,Chicago
TX00950,2025-06-14 16:55:50,CUST529,AMZ*WILSON PLC NORTH LINDA,52.67,5999,Montreal
TX00951,2025-06-14 19:37:40,CUST714,ABT*ROGERS-HUF NGUYENSHIRE,254.15,5411,New York
TX00952,2025-06-15 10:13:53,CUST593,"APL*TAYLOR, CO NEW GLENNLAND",451.48,5945,New York
TX00953,2025-06-14 15:20:19,CUST893,APL*HILL GROUP LAKE MITCHELL,218.59,5999,San Francisco
TX00954,2025-06-14 13:34:34,CUST995,ABT*GONZALES P EAST CRAIGFURT,267.26,5812,Vancouver
TX00955,2025-06-15 02:12:52,CUST908,UBR*SMITH GROU NORTH ADRIANLAND,296.58,5732,Chicago
TX00956,2025-06-14 23:29:06,CUST689,"ABT*PEARSON, E SCHWARTZBOROUGH",71.27,5999,Toronto
TX00957,2025-06-15 04:39:47,CUST979,ABT*BOWMAN PLC JENKINSBURGH,301.15,5945,Vancouver
TX00958,2025-06-15 14:46:39,CUST363,"AMZ*HOLT, CARL LAKE MARGARETPORT",356.03,5411,Montreal
TX00959,2025-06-14 20:03:09,CUST635,ABT*BARNES-GRA NORTH VALERIE,8.56,5732,Toronto
TX00960,2025-06-15 00:05:27,CUST804,GOOGL*MONTGOMERY SOUTH KAYLEE,184.32,5812,Vancouver
TX00961,2025-06-15 05:44:31,CUST767,"LYF*CLARK, BRO LAKE MEGAN",134.34,5945,Vancouver
TX00962,2025-06-14 16:41:55,CUST678,GOOGL*JIMENEZ-MO NORTH DEANNAPORT,141.4,5732,Vancouver
TX00963,2025-06-14 23:55:53,CUST873,AMZ*HAMILTON L WILLIAMSTON,278.29,5945,Vancouver
TX00964,2025-06-14 18:37:14,CUST283,"GOOGL*THOMPSON,  NORTH PATTYMOUTH",279.68,5912,San Francisco
TX00965,2025-06-14 13:17:25,CUST691,"GOOGL*RILEY, BAR JERRYVILLE",202.07,5812,Chicago
TX00966,2025-06-15 06:36:39,CUST221,APL*PEREZ-YOUN KANEFURT,226.06,5732,Toronto
TX00967,2025-06-14 20:28:06,CUST202,AMZ*JONES PLC BROWNCHESTER,203.28,5912,Montreal
TX00968,2025-06-14 14:03:08,CUST728,APL*ROBINSON P THOMPSONSTAD,354.86,5812,Vancouver
TX00969,2025-06-15 11:39:36,CUST751,ABT*ELLIS AND  THERESABOROUGH,412.51,5999,Montreal
TX00970,2025-06-15 12:38:36,CUST545,ABT*MARTINEZ-S WEST DEREKMOUTH,135.23,5912,New York
TX00971,2025-06-14 12:35:55,CUST723,ABT*BARNES-WOL WEST CASSANDRA,195.24,5999,Montreal
TX00972,2025-06-15 04:32:47,CUST771,"LYF*CISNEROS,  NORTH ROBERT",357.24,5945,New York
TX00973,2025-06-14 15:39:51,CUST892,"AMZ*BURNS, FOR RAMIREZCHESTER",249.71,5411,Toronto
TX00974,2025-06-14 20:06:40,CUST970,"APL*SALAS, WRI NEW SOPHIA",146.57,5411,Montreal
TX00975,2025-06-14 13:32:48,CUST622,LYF*VILLANUEVA QUINNHAVEN,119.68,5812,Chicago
TX00976,2025-06-15 06:15:56,CUST136,GOOGL*SIMMONS GR PACHECOVILLE,329.23,5812,New York
TX00977,2025-06-15 02:07:10,CUST382,UBR*SIMPSON-MI LAKE JESSICABOROUGH,336.48,5999,Montreal
TX00978,2025-06-15 14:25:01,CUST305,LYF*HOWARD AND NORTH TIMOTHYPORT,369.78,5411,New York
TX00979,2025-06-14 12:32:19,CUST662,GOOGL*WARNER PLC SOUTH STEVENBERG,415.73,5945,San Francisco
TX00980,2025-06-15 06:44:14,CUST455,"GOOGL*SULLIVAN,  PADILLATOWN",305.15,5812,Vancouver
TX00981,2025-06-15 14:48:26,CUST513,"LYF*JONES, BAR WEST RONALDVIEW",134.25,5999,Montreal
TX00982,2025-06-15 12:20:28,CUST209,"LYF*SHAH, DANI NEW NICOLETON",254.07,5912,New York
TX00983,2025-06-15 05:35:39,CUST922,"LYF*DOUGHERTY, SOUTH MICHAELTON",438.68,5945,San Francisco
TX00984,2025-06-15 01:14:51,CUST810,UBR*RICHARDSON NEW JENNABOROUGH,283.77,5812,San Francisco
TX00985,2025-06-14 14:09:38,CUST894,UBR*ZAVALA AND LAKE TIMOTHYSHIRE,233.06,5945,New York
TX00986,2025-06-15 05:35:23,CUST593,"ABT*CLARK, MCG RACHAELHAVEN",38.44,5732,Toronto
TX00987,2025-06-15 06:36:18,CUST793,"APL*HENDERSON, TUCKERHAVEN",401.08,5999,San Francisco
TX00988,2025-06-15 14:37:21,CUST628,LYF*HARRISON P SHANNONSTAD,351.91,5912,Toronto
TX00989,2025-06-15 00:27:07,CUST394,"ABT*DOUGHERTY, EAST PATRICIAMOUTH",338.48,5912,New York
TX00990,2025-06-14 21:37:32,CUST667,AMZ*MILLER AND SUSANLAND,160.37,5812,Montreal
TX00991,2025-06-14 11:48:35,CUST375,AMZ*MARTIN INC SOUTH EDWARD,343.14,5812,Vancouver
TX00992,2025-06-15 06:25:32,CUST854,AMZ*MEYER LTD WEST ROBERTSIDE,369.04,5912,Toronto
TX00993,2025-06-15 05:53:07,CUST334,AMZ*WELLS GROU ROJASTOWN,418.99,5912,Toronto
TX00994,2025-06-15 10:36:43,CUST897,ABT*LOPEZ-JOHN PORT STACEY,460.49,5732,Chicago
TX00995,2025-06-15 14:44:07,CUST604,"LYF*ROGERS, LA TODDHAVEN",383.3,5945,New York
TX00996,2025-06-15 01:27:42,CUST968,"UBR*WALLACE, T GEORGEVIEW",312.23,5999,Montreal
TX00997,2025-06-14 21:06:25,CUST989,GOOGL*WASHINGTON EAST MICHAELMOUTH,95.52,5945,San Francisco
TX00998,2025-06-14 11:39:49,CUST507,AMZ*MONTGOMERY IANBURGH,290.45,5411,Montreal
TX00999,2025-06-14 21:33:41,CUST918,"UBR*SCHWARTZ,  NORTH BLAKE",470.13,5411,Montreal
TX01000,2025-06-14 13:59:16,CUST455,UBR*ANDREWS-AL JACKSIDE,389.07,5999,New York
